__GLOBAL_VARIABLES__
SAP_name,null
isLogonOpen,null
__BOT_STEPS__
StepType,DataJSON
group_start,"{""type"": ""group_start"", ""group_id"": ""group_1"", ""group_name"": ""Template_LoginSAP"", ""original_listbox_row_index"": 0}"
step,"{""type"": ""step"", ""class_name"": ""Bot_utility"", ""method_name"": ""check_win_title_exits"", ""module_name"": ""Gui_Automate"", ""parameters_config"": {""title"": {""type"": ""variable"", ""value"": ""SAP_name""}, ""timeout"": {""type"": ""hardcoded"", ""value"": 1}, ""original_listbox_row_index"": 0}, ""assign_to_variable_name"": ""isLogonOpen"", ""original_listbox_row_index"": 1, ""workflow_pos"": [494, 572]}"
IF_START,"{""type"": ""IF_START"", ""if_id"": ""if_1"", ""condition_config"": {""block_name"": null, ""condition"": {""left_operand"": {""type"": ""variable"", ""value"": ""isLogonOpen""}, ""operator"": ""=="", ""right_operand"": {""type"": ""hardcoded"", ""value"": true}}}, ""original_listbox_row_index"": 2, ""workflow_pos"": [494, 676]}"
step,"{""type"": ""step"", ""class_name"": ""Bot_utility"", ""method_name"": ""activate_window"", ""module_name"": ""Gui_Automate"", ""parameters_config"": {""title"": {""type"": ""variable"", ""value"": ""SAP_name""}, ""original_listbox_row_index"": 2}, ""assign_to_variable_name"": null, ""original_listbox_row_index"": 3, ""workflow_pos"": [338, 754]}"
ELSE,"{""type"": ""ELSE"", ""if_id"": ""if_1"", ""condition_config"": {""block_name"": null, ""condition"": {""left_operand"": {""type"": ""variable"", ""value"": ""isLogonOpen""}, ""operator"": ""=="", ""right_operand"": {""type"": ""hardcoded"", ""value"": true}}}, ""original_listbox_row_index"": 4, ""workflow_pos"": [702, 702]}"
step,"{""type"": ""step"", ""class_name"": ""Bot_utility"", ""method_name"": ""check_win_title_exits"", ""module_name"": ""Gui_Automate"", ""parameters_config"": {""title"": {""type"": ""hardcoded"", ""value"": ""SAP Logon""}, ""timeout"": {""type"": ""hardcoded"", ""value"": 1}, ""original_listbox_row_index"": 4}, ""assign_to_variable_name"": ""isLogonOpen"", ""original_listbox_row_index"": 5, ""workflow_pos"": [702, 780]}"
IF_START,"{""type"": ""IF_START"", ""if_id"": ""if_2"", ""condition_config"": {""block_name"": null, ""condition"": {""left_operand"": {""type"": ""variable"", ""value"": ""isLogonOpen""}, ""operator"": ""=="", ""right_operand"": {""type"": ""hardcoded"", ""value"": true}}}, ""original_listbox_row_index"": 6, ""workflow_pos"": [708, 846]}"
step,"{""type"": ""step"", ""class_name"": ""Bot_utility"", ""method_name"": ""activate_window"", ""module_name"": ""Gui_Automate"", ""parameters_config"": {""title"": {""type"": ""hardcoded"", ""value"": ""SAP Logon""}}, ""assign_to_variable_name"": null, ""original_listbox_row_index"": 7, ""workflow_pos"": [579, 872]}"
ELSE,"{""type"": ""ELSE"", ""if_id"": ""if_2"", ""condition_config"": {""block_name"": null, ""condition"": {""left_operand"": {""type"": ""variable"", ""value"": ""isLogonOpen""}, ""operator"": ""=="", ""right_operand"": {""type"": ""hardcoded"", ""value"": true}}}, ""original_listbox_row_index"": 8, ""workflow_pos"": [789, 886]}"
step,"{""type"": ""step"", ""class_name"": ""Keyboard"", ""method_name"": ""send_hotkey"", ""module_name"": ""Mouse_Key_Automate"", ""parameters_config"": {""hotkey"": {""type"": ""hardcoded"", ""value"": ""win+R""}}, ""assign_to_variable_name"": null, ""original_listbox_row_index"": 9, ""workflow_pos"": [788, 926]}"
step,"{""type"": ""step"", ""class_name"": ""Bot_utility"", ""method_name"": ""check_win_title_exits"", ""module_name"": ""Gui_Automate"", ""parameters_config"": {""title"": {""type"": ""hardcoded"", ""value"": ""Run""}, ""timeout"": {""type"": ""hardcoded"", ""value"": 5}}, ""assign_to_variable_name"": null, ""original_listbox_row_index"": 10, ""workflow_pos"": [806, 962]}"
step,"{""type"": ""step"", ""class_name"": ""Keyboard"", ""method_name"": ""send_hotkey"", ""module_name"": ""Mouse_Key_Automate"", ""parameters_config"": {""hotkey"": {""type"": ""hardcoded"", ""value"": ""delete""}}, ""assign_to_variable_name"": null, ""original_listbox_row_index"": 11, ""workflow_pos"": [806, 1014]}"
step,"{""type"": ""step"", ""class_name"": ""Bot_utility"", ""method_name"": ""wait_second"", ""module_name"": ""Gui_Automate"", ""parameters_config"": {""value"": {""type"": ""hardcoded"", ""value"": 1}}, ""assign_to_variable_name"": null, ""original_listbox_row_index"": 12, ""workflow_pos"": [806, 1066]}"
step,"{""type"": ""step"", ""class_name"": ""Keyboard"", ""method_name"": ""send_text"", ""module_name"": ""Mouse_Key_Automate"", ""parameters_config"": {""text"": {""type"": ""hardcoded"", ""value"": ""saplogon""}}, ""assign_to_variable_name"": null, ""original_listbox_row_index"": 13, ""workflow_pos"": [806, 1118]}"
step,"{""type"": ""step"", ""class_name"": ""Keyboard"", ""method_name"": ""send_hotkey"", ""module_name"": ""Mouse_Key_Automate"", ""parameters_config"": {""hotkey"": {""type"": ""hardcoded"", ""value"": ""ENTER""}}, ""assign_to_variable_name"": null, ""original_listbox_row_index"": 14, ""workflow_pos"": [806, 1170]}"
IF_END,"{""type"": ""IF_END"", ""if_id"": ""if_2"", ""condition_config"": {""block_name"": null, ""condition"": {""left_operand"": {""type"": ""variable"", ""value"": ""isLogonOpen""}, ""operator"": ""=="", ""right_operand"": {""type"": ""hardcoded"", ""value"": true}}}, ""original_listbox_row_index"": 15, ""workflow_pos"": [702, 1248]}"
IF_END,"{""type"": ""IF_END"", ""if_id"": ""if_1"", ""condition_config"": {""block_name"": null, ""condition"": {""left_operand"": {""type"": ""variable"", ""value"": ""isLogonOpen""}, ""operator"": ""=="", ""right_operand"": {""type"": ""hardcoded"", ""value"": true}}}, ""original_listbox_row_index"": 16, ""workflow_pos"": [468, 1326]}"
step,"{""type"": ""step"", ""class_name"": ""Bot_utility"", ""method_name"": ""check_win_title_exits"", ""module_name"": ""Gui_Automate"", ""parameters_config"": {""title"": {""type"": ""hardcoded"", ""value"": ""SAP Logon""}, ""timeout"": {""type"": ""hardcoded"", ""value"": 20}}, ""assign_to_variable_name"": null, ""original_listbox_row_index"": 17, ""workflow_pos"": [468, 1560]}"
step,"{""type"": ""step"", ""class_name"": ""Bot_utility"", ""method_name"": ""left_click"", ""module_name"": ""Gui_Automate"", ""parameters_config"": {""current_file"": {""type"": ""hardcoded_file"", ""value"": ""SAP_Logon_filter_box""}, ""offset_x"": {""type"": ""hardcoded"", ""value"": 60}, ""offset_y"": {""type"": ""hardcoded"", ""value"": 0}, ""confidence"": {""type"": ""hardcoded"", ""value"": 0.92}}, ""assign_to_variable_name"": null, ""original_listbox_row_index"": 18}"
step,"{""type"": ""step"", ""class_name"": ""Keyboard"", ""method_name"": ""send_hotkey"", ""module_name"": ""Mouse_Key_Automate"", ""parameters_config"": {""hotkey"": {""type"": ""hardcoded"", ""value"": ""Ctrl+a""}}, ""assign_to_variable_name"": null, ""original_listbox_row_index"": 19}"
step,"{""type"": ""step"", ""class_name"": ""Keyboard"", ""method_name"": ""send_hotkey"", ""module_name"": ""Mouse_Key_Automate"", ""parameters_config"": {""hotkey"": {""type"": ""hardcoded"", ""value"": ""delete""}}, ""assign_to_variable_name"": null, ""original_listbox_row_index"": 20}"
step,"{""type"": ""step"", ""class_name"": ""Keyboard"", ""method_name"": ""send_text"", ""module_name"": ""Mouse_Key_Automate"", ""parameters_config"": {""text"": {""type"": ""variable"", ""value"": ""SAP_name""}}, ""assign_to_variable_name"": null, ""original_listbox_row_index"": 21}"
step,"{""type"": ""step"", ""class_name"": ""Keyboard"", ""method_name"": ""send_hotkey"", ""module_name"": ""Mouse_Key_Automate"", ""parameters_config"": {""hotkey"": {""type"": ""hardcoded"", ""value"": ""ENTER""}}, ""assign_to_variable_name"": null, ""original_listbox_row_index"": 22}"
step,"{""type"": ""step"", ""class_name"": ""Bot_utility"", ""method_name"": ""check_image_exits"", ""module_name"": ""Gui_Automate"", ""parameters_config"": {""current_file"": {""type"": ""hardcoded_file"", ""value"": ""SAP_check_icone""}, ""timeout"": {""type"": ""hardcoded"", ""value"": 5}}, ""assign_to_variable_name"": null, ""original_listbox_row_index"": 23}"
step,"{""type"": ""step"", ""class_name"": ""Bot_utility"", ""method_name"": ""check_win_title_exits"", ""module_name"": ""Gui_Automate"", ""parameters_config"": {""title"": {""type"": ""variable"", ""value"": ""SAP_name""}, ""timeout"": {""type"": ""hardcoded"", ""value"": 20}}, ""assign_to_variable_name"": null, ""original_listbox_row_index"": 24}"
step,"{""type"": ""step"", ""class_name"": ""Bot_SAP"", ""method_name"": ""enter_tcode"", ""module_name"": ""Gui_Automate"", ""parameters_config"": {""tcode"": {""type"": ""hardcoded"", ""value"": ""/n""}}, ""assign_to_variable_name"": null, ""original_listbox_row_index"": 25}"
group_end,"{""type"": ""group_end"", ""group_id"": ""group_1"", ""original_listbox_row_index"": 26}"
