[
    {
        "type": "group_start",
        "group_id": "group_1",
        "group_name": "open app",
        "original_listbox_row_index": 0,
        "execution_status": "completed",
        "execution_result": "Organizational Step"
    },
    {
        "type": "step",
        "class_name": "Bot_utility",
        "method_name": "check_win_title_exits",
        "module_name": "Gui_Automate",
        "parameters_config": {
            "title": {
                "type": "variable",
                "value": "title_app"
            },
            "timeout": {
                "type": "hardcoded",
                "value": 1
            },
            "original_listbox_row_index": 1
        },
        "assign_to_variable_name": "isAppopened",
        "original_listbox_row_index": 1,
        "workflow_pos": [
            290,
            30
        ],
        "execution_status": "completed",
        "execution_result": "Result: True (Assigned to @isAppopened)"
    },
    {
        "type": "IF_START",
        "if_id": "if_1",
        "condition_config": {
            "block_name": null,
            "condition": {
                "left_operand": {
                    "type": "variable",
                    "value": "isAppopened"
                },
                "operator": "==",
                "right_operand": {
                    "type": "hardcoded",
                    "value": true
                }
            }
        },
        "original_listbox_row_index": 2,
        "workflow_pos": [
            290,
            120
        ],
        "execution_status": "completed",
        "execution_result": "Condition: True"
    },
    {
        "type": "step",
        "class_name": "Bot_utility",
        "method_name": "activate_window",
        "module_name": "Gui_Automate",
        "parameters_config": {
            "title": {
                "type": "variable",
                "value": "title_app"
            }
        },
        "assign_to_variable_name": null,
        "original_listbox_row_index": 3,
        "workflow_pos": [
            170,
            210
        ],
        "execution_status": "completed",
        "execution_result": "Result: done"
    },
    {
        "type": "ELSE",
        "if_id": "if_1",
        "condition_config": {
            "block_name": null,
            "condition": {
                "left_operand": {
                    "type": "variable",
                    "value": "isAppopened"
                },
                "operator": "==",
                "right_operand": {
                    "type": "hardcoded",
                    "value": true
                }
            }
        },
        "original_listbox_row_index": 4,
        "execution_status": "completed",
        "execution_result": "Branching"
    },
    {
        "type": "step",
        "class_name": "Keyboard",
        "method_name": "send_hotkey",
        "module_name": "Mouse_Key_Automate",
        "parameters_config": {
            "hotkey": {
                "type": "hardcoded",
                "value": "win+R"
            },
            "original_listbox_row_index": 5
        },
        "assign_to_variable_name": null,
        "original_listbox_row_index": 5,
        "workflow_pos": [
            410,
            210
        ]
    },
    {
        "type": "step",
        "class_name": "Keyboard",
        "method_name": "send_text",
        "module_name": "Mouse_Key_Automate",
        "parameters_config": {
            "text": {
                "type": "variable",
                "value": "app_name"
            },
            "original_listbox_row_index": 6
        },
        "assign_to_variable_name": null,
        "original_listbox_row_index": 6,
        "workflow_pos": [
            410,
            300
        ]
    },
    {
        "type": "step",
        "class_name": "Bot_utility",
        "method_name": "wait_second",
        "module_name": "Gui_Automate",
        "parameters_config": {
            "value": {
                "type": "hardcoded",
                "value": 1
            },
            "original_listbox_row_index": 7
        },
        "assign_to_variable_name": null,
        "original_listbox_row_index": 7,
        "workflow_pos": [
            410,
            390
        ]
    },
    {
        "type": "step",
        "class_name": "Bot_utility",
        "method_name": "wait_second",
        "module_name": "Gui_Automate",
        "parameters_config": {
            "value": {
                "type": "hardcoded",
                "value": 1
            },
            "original_listbox_row_index": 8
        },
        "assign_to_variable_name": null,
        "original_listbox_row_index": 8,
        "workflow_pos": [
            410,
            480
        ]
    },
    {
        "type": "step",
        "class_name": "Keyboard",
        "method_name": "send_hotkey",
        "module_name": "Mouse_Key_Automate",
        "parameters_config": {
            "hotkey": {
                "type": "hardcoded",
                "value": "enter"
            },
            "original_listbox_row_index": 9
        },
        "assign_to_variable_name": null,
        "original_listbox_row_index": 9,
        "workflow_pos": [
            410,
            570
        ]
    },
    {
        "type": "step",
        "class_name": "Bot_utility",
        "method_name": "check_win_title_exits",
        "module_name": "Gui_Automate",
        "parameters_config": {
            "title": {
                "type": "variable",
                "value": "title_app"
            },
            "timeout": {
                "type": "hardcoded",
                "value": 30
            }
        },
        "assign_to_variable_name": null,
        "original_listbox_row_index": 10,
        "workflow_pos": [
            410,
            660
        ]
    },
    {
        "type": "step",
        "class_name": "Bot_utility",
        "method_name": "activate_window",
        "module_name": "Gui_Automate",
        "parameters_config": {
            "title": {
                "type": "variable",
                "value": "title_app"
            }
        },
        "assign_to_variable_name": null,
        "original_listbox_row_index": 11,
        "workflow_pos": [
            410,
            750
        ]
    },
    {
        "type": "IF_END",
        "if_id": "if_1",
        "condition_config": {
            "block_name": null,
            "condition": {
                "left_operand": {
                    "type": "variable",
                    "value": "isAppopened"
                },
                "operator": "==",
                "right_operand": {
                    "type": "hardcoded",
                    "value": true
                }
            }
        },
        "original_listbox_row_index": 12,
        "workflow_pos": [
            290,
            880
        ],
        "execution_status": "completed",
        "execution_result": "End of Conditional"
    },
    {
        "type": "step",
        "class_name": "Bot_utility",
        "method_name": "wait_second",
        "module_name": "Gui_Automate",
        "parameters_config": {
            "value": {
                "type": "hardcoded",
                "value": 1
            }
        },
        "assign_to_variable_name": null,
        "original_listbox_row_index": 13,
        "workflow_pos": [
            290,
            970
        ],
        "execution_status": "completed",
        "execution_result": "Result: sleep 1 second"
    },
    {
        "type": "group_end",
        "group_id": "group_1",
        "original_listbox_row_index": 14,
        "execution_status": "completed"
    }
]