[
    {
        "type": "group_start",
        "group_id": "group_1",
        "group_name": "Template_LoginSAP",
        "original_listbox_row_index": 0
    },
    {
        "type": "step",
        "class_name": "Bot_utility",
        "method_name": "check_win_title_exits",
        "module_name": "Gui_Automate",
        "parameters_config": {
            "title": {
                "type": "variable",
                "value": "SAP_name"
            },
            "timeout": {
                "type": "hardcoded",
                "value": 1
            },
            "original_listbox_row_index": 0
        },
        "assign_to_variable_name": "isLogonOpen",
        "original_listbox_row_index": 1,
        "workflow_pos": [
            290,
            30
        ]
    },
    {
        "type": "IF_START",
        "if_id": "if_1",
        "condition_config": {
            "block_name": null,
            "condition": {
                "left_operand": {
                    "type": "variable",
                    "value": "isLogonOpen"
                },
                "operator": "==",
                "right_operand": {
                    "type": "hardcoded",
                    "value": true
                }
            }
        },
        "original_listbox_row_index": 2,
        "workflow_pos": [
            290,
            120
        ]
    },
    {
        "type": "step",
        "class_name": "Bot_utility",
        "method_name": "activate_window",
        "module_name": "Gui_Automate",
        "parameters_config": {
            "title": {
                "type": "variable",
                "value": "SAP_name"
            },
            "original_listbox_row_index": 2
        },
        "assign_to_variable_name": null,
        "original_listbox_row_index": 3,
        "workflow_pos": [
            170,
            210
        ]
    },
    {
        "type": "ELSE",
        "if_id": "if_1",
        "condition_config": {
            "block_name": null,
            "condition": {
                "left_operand": {
                    "type": "variable",
                    "value": "isLogonOpen"
                },
                "operator": "==",
                "right_operand": {
                    "type": "hardcoded",
                    "value": true
                }
            }
        },
        "original_listbox_row_index": 4,
        "workflow_pos": [
            702,
            702
        ]
    },
    {
        "type": "step",
        "class_name": "Bot_utility",
        "method_name": "check_win_title_exits",
        "module_name": "Gui_Automate",
        "parameters_config": {
            "title": {
                "type": "hardcoded",
                "value": "SAP Logon"
            },
            "timeout": {
                "type": "hardcoded",
                "value": 1
            },
            "original_listbox_row_index": 4
        },
        "assign_to_variable_name": "isLogonOpen",
        "original_listbox_row_index": 5,
        "workflow_pos": [
            410,
            210
        ]
    },
    {
        "type": "IF_START",
        "if_id": "if_2",
        "condition_config": {
            "block_name": null,
            "condition": {
                "left_operand": {
                    "type": "variable",
                    "value": "isLogonOpen"
                },
                "operator": "==",
                "right_operand": {
                    "type": "hardcoded",
                    "value": true
                }
            }
        },
        "original_listbox_row_index": 6,
        "workflow_pos": [
            410,
            300
        ]
    },
    {
        "type": "step",
        "class_name": "Bot_utility",
        "method_name": "activate_window",
        "module_name": "Gui_Automate",
        "parameters_config": {
            "title": {
                "type": "hardcoded",
                "value": "SAP Logon"
            }
        },
        "assign_to_variable_name": null,
        "original_listbox_row_index": 7,
        "workflow_pos": [
            290,
            390
        ]
    },
    {
        "type": "ELSE",
        "if_id": "if_2",
        "condition_config": {
            "block_name": null,
            "condition": {
                "left_operand": {
                    "type": "variable",
                    "value": "isLogonOpen"
                },
                "operator": "==",
                "right_operand": {
                    "type": "hardcoded",
                    "value": true
                }
            }
        },
        "original_listbox_row_index": 8,
        "workflow_pos": [
            789,
            886
        ]
    },
    {
        "type": "step",
        "class_name": "Keyboard",
        "method_name": "send_hotkey",
        "module_name": "Mouse_Key_Automate",
        "parameters_config": {
            "hotkey": {
                "type": "hardcoded",
                "value": "win+R"
            }
        },
        "assign_to_variable_name": null,
        "original_listbox_row_index": 9,
        "workflow_pos": [
            530,
            390
        ]
    },
    {
        "type": "step",
        "class_name": "Bot_utility",
        "method_name": "check_win_title_exits",
        "module_name": "Gui_Automate",
        "parameters_config": {
            "title": {
                "type": "hardcoded",
                "value": "Run"
            },
            "timeout": {
                "type": "hardcoded",
                "value": 5
            }
        },
        "assign_to_variable_name": null,
        "original_listbox_row_index": 10,
        "workflow_pos": [
            530,
            480
        ]
    },
    {
        "type": "step",
        "class_name": "Keyboard",
        "method_name": "send_hotkey",
        "module_name": "Mouse_Key_Automate",
        "parameters_config": {
            "hotkey": {
                "type": "hardcoded",
                "value": "delete"
            }
        },
        "assign_to_variable_name": null,
        "original_listbox_row_index": 11,
        "workflow_pos": [
            530,
            570
        ]
    },
    {
        "type": "step",
        "class_name": "Bot_utility",
        "method_name": "wait_second",
        "module_name": "Gui_Automate",
        "parameters_config": {
            "value": {
                "type": "hardcoded",
                "value": 1
            }
        },
        "assign_to_variable_name": null,
        "original_listbox_row_index": 12,
        "workflow_pos": [
            530,
            660
        ]
    },
    {
        "type": "step",
        "class_name": "Keyboard",
        "method_name": "send_text",
        "module_name": "Mouse_Key_Automate",
        "parameters_config": {
            "text": {
                "type": "hardcoded",
                "value": "saplogon"
            }
        },
        "assign_to_variable_name": null,
        "original_listbox_row_index": 13,
        "workflow_pos": [
            530,
            750
        ]
    },
    {
        "type": "step",
        "class_name": "Keyboard",
        "method_name": "send_hotkey",
        "module_name": "Mouse_Key_Automate",
        "parameters_config": {
            "hotkey": {
                "type": "hardcoded",
                "value": "ENTER"
            }
        },
        "assign_to_variable_name": null,
        "original_listbox_row_index": 14,
        "workflow_pos": [
            530,
            840
        ]
    },
    {
        "type": "IF_END",
        "if_id": "if_2",
        "condition_config": {
            "block_name": null,
            "condition": {
                "left_operand": {
                    "type": "variable",
                    "value": "isLogonOpen"
                },
                "operator": "==",
                "right_operand": {
                    "type": "hardcoded",
                    "value": true
                }
            }
        },
        "original_listbox_row_index": 15,
        "workflow_pos": [
            410,
            970
        ]
    },
    {
        "type": "IF_END",
        "if_id": "if_1",
        "condition_config": {
            "block_name": null,
            "condition": {
                "left_operand": {
                    "type": "variable",
                    "value": "isLogonOpen"
                },
                "operator": "==",
                "right_operand": {
                    "type": "hardcoded",
                    "value": true
                }
            }
        },
        "original_listbox_row_index": 16,
        "workflow_pos": [
            290,
            1100
        ]
    },
    {
        "type": "step",
        "class_name": "Bot_utility",
        "method_name": "check_win_title_exits",
        "module_name": "Gui_Automate",
        "parameters_config": {
            "title": {
                "type": "hardcoded",
                "value": "SAP Logon"
            },
            "timeout": {
                "type": "hardcoded",
                "value": 20
            }
        },
        "assign_to_variable_name": null,
        "original_listbox_row_index": 17,
        "workflow_pos": [
            290,
            1190
        ]
    },
    {
        "type": "step",
        "class_name": "Bot_utility",
        "method_name": "left_click",
        "module_name": "Gui_Automate",
        "parameters_config": {
            "image_to_click": {
                "type": "hardcoded_file",
                "value": "SAP GUI/SAP_Logon_filter_box"
            },
            "offset_x": {
                "type": "hardcoded",
                "value": 60
            },
            "offset_y": {
                "type": "hardcoded",
                "value": 0
            },
            "confidence": {
                "type": "hardcoded",
                "value": 0.92
            }
        },
        "assign_to_variable_name": null,
        "original_listbox_row_index": 18,
        "workflow_pos": [
            290,
            1280
        ]
    },
    {
        "type": "step",
        "class_name": "Keyboard",
        "method_name": "send_hotkey",
        "module_name": "Mouse_Key_Automate",
        "parameters_config": {
            "hotkey": {
                "type": "hardcoded",
                "value": "Ctrl+a"
            }
        },
        "assign_to_variable_name": null,
        "original_listbox_row_index": 19,
        "workflow_pos": [
            290,
            1370
        ]
    },
    {
        "type": "step",
        "class_name": "Keyboard",
        "method_name": "send_hotkey",
        "module_name": "Mouse_Key_Automate",
        "parameters_config": {
            "hotkey": {
                "type": "hardcoded",
                "value": "delete"
            }
        },
        "assign_to_variable_name": null,
        "original_listbox_row_index": 20,
        "workflow_pos": [
            290,
            1460
        ]
    },
    {
        "type": "step",
        "class_name": "Keyboard",
        "method_name": "send_text",
        "module_name": "Mouse_Key_Automate",
        "parameters_config": {
            "text": {
                "type": "variable",
                "value": "SAP_name"
            }
        },
        "assign_to_variable_name": null,
        "original_listbox_row_index": 21,
        "workflow_pos": [
            290,
            1550
        ]
    },
    {
        "type": "step",
        "class_name": "Keyboard",
        "method_name": "send_hotkey",
        "module_name": "Mouse_Key_Automate",
        "parameters_config": {
            "hotkey": {
                "type": "hardcoded",
                "value": "ENTER"
            }
        },
        "assign_to_variable_name": null,
        "original_listbox_row_index": 22,
        "workflow_pos": [
            290,
            1640
        ]
    },
    {
        "type": "step",
        "class_name": "Bot_utility",
        "method_name": "check_image_exits",
        "module_name": "Gui_Automate",
        "parameters_config": {
            "image_to_click": {
                "type": "hardcoded_file",
                "value": "SAP GUI/SAP_check_icone"
            },
            "timeout": {
                "type": "hardcoded",
                "value": 5
            }
        },
        "assign_to_variable_name": null,
        "original_listbox_row_index": 23,
        "workflow_pos": [
            290,
            1730
        ]
    },
    {
        "type": "step",
        "class_name": "Bot_utility",
        "method_name": "check_win_title_exits",
        "module_name": "Gui_Automate",
        "parameters_config": {
            "title": {
                "type": "variable",
                "value": "SAP_name"
            },
            "timeout": {
                "type": "hardcoded",
                "value": 20
            }
        },
        "assign_to_variable_name": null,
        "original_listbox_row_index": 24,
        "workflow_pos": [
            290,
            1820
        ]
    },
    {
        "type": "step",
        "class_name": "Bot_SAP",
        "method_name": "enter_tcode",
        "module_name": "Gui_Automate",
        "parameters_config": {
            "tcode": {
                "type": "hardcoded",
                "value": "/n"
            }
        },
        "assign_to_variable_name": null,
        "original_listbox_row_index": 25,
        "workflow_pos": [
            290,
            1910
        ]
    },
    {
        "type": "group_end",
        "group_id": "group_1",
        "original_listbox_row_index": 26
    }
]
