__SCHEDULE_INFO__
{}
__GLOBAL_VARIABLES__
excel_link,"""C:/Users/puu1hc/OneDrive - Bosch Group/Automationtool/excel file/NEG_LIST_X94_231025_Data_part_0002.xlsx"""
workbook,null
total_len_wb,1001
iterate_loop,7
wb_status_column,"""SPLH does not exist"""
current_BP,17279197
SAP_name,"""Q94"""
isLogonOpen,true
isOpen_BP_exist,true
BOT_status,"""SPLH does not exist"""
wait_const,1
isWarning,false
isBP_not_Exist,false
isEditmode,true
isBocked,"""1"""
isBlock_reason_show,true
save_loop,0
isSaved,true
block_const,"""1"""
isnochange,false
isDisplaylog,true
isYSPLHexist,null
isSPLHexist,false
warning_loop,1
is_BP_box_open,true
isWindows800,false
__BOT_STEPS__
StepType,DataJSON
group_start,"{""group_id"": ""group_2"", ""group_name"": ""Template_LoginSAP"", ""type"": ""group_start"", ""workflow_pos"": [6140, 50]}"
step,"{""assign_to_variable_name"": ""isWindows800"", ""class_name"": ""Bot_utility"", ""method_name"": ""check_win_title_exits"", ""module_name"": ""Gui_Automate"", ""parameters_config"": {""timeout"": {""type"": ""hardcoded"", ""value"": 1}, ""title"": {""type"": ""hardcoded"", ""value"": ""Windows 800""}}, ""type"": ""step""}"
IF_START,"{""condition_config"": {""block_name"": null, ""condition"": {""left_operand"": {""type"": ""variable"", ""value"": ""isWindows800""}, ""operator"": ""=="", ""right_operand"": {""type"": ""hardcoded"", ""value"": true}}}, ""if_id"": ""if_30"", ""type"": ""IF_START""}"
step,"{""assign_to_variable_name"": null, ""class_name"": ""Bot_utility"", ""method_name"": ""activate_window"", ""module_name"": ""Gui_Automate"", ""parameters_config"": {""title"": {""type"": ""hardcoded"", ""value"": ""Windows 800""}}, ""type"": ""step""}"
step,"{""assign_to_variable_name"": null, ""class_name"": ""Bot_utility"", ""method_name"": ""wait_second"", ""module_name"": ""Gui_Automate"", ""parameters_config"": {""value"": {""type"": ""hardcoded"", ""value"": 3}}, ""type"": ""step""}"
step,"{""assign_to_variable_name"": null, ""class_name"": ""Bot_utility"", ""method_name"": ""left_click"", ""module_name"": ""Gui_Automate"", ""parameters_config"": {""confidence"": {""type"": ""hardcoded"", ""value"": 0.92}, ""image_to_click"": {""type"": ""hardcoded_file"", ""value"": ""SAP GUI/SAP_windows800""}, ""offset_x"": {""type"": ""hardcoded"", ""value"": 0}, ""offset_y"": {""type"": ""hardcoded"", ""value"": 0}, ""stop_if_not_found"": {""type"": ""hardcoded"", ""value"": true}}, ""type"": ""step""}"
ELSE,"{""condition_config"": {""block_name"": null, ""condition"": {""left_operand"": {""type"": ""variable"", ""value"": ""isWindows800""}, ""operator"": ""=="", ""right_operand"": {""type"": ""hardcoded"", ""value"": true}}}, ""if_id"": ""if_30"", ""type"": ""ELSE""}"
IF_END,"{""condition_config"": {""block_name"": null, ""condition"": {""left_operand"": {""type"": ""variable"", ""value"": ""isWindows800""}, ""operator"": ""=="", ""right_operand"": {""type"": ""hardcoded"", ""value"": true}}}, ""if_id"": ""if_30"", ""type"": ""IF_END""}"
step,"{""assign_to_variable_name"": ""isLogonOpen"", ""class_name"": ""Bot_utility"", ""method_name"": ""check_win_title_exits"", ""module_name"": ""Gui_Automate"", ""parameters_config"": {""timeout"": {""type"": ""hardcoded"", ""value"": 1}, ""title"": {""type"": ""variable"", ""value"": ""SAP_name""}}, ""type"": ""step""}"
IF_START,"{""condition_config"": {""block_name"": null, ""condition"": {""left_operand"": {""type"": ""variable"", ""value"": ""isLogonOpen""}, ""operator"": ""=="", ""right_operand"": {""type"": ""hardcoded"", ""value"": true}}}, ""if_id"": ""if_4"", ""type"": ""IF_START""}"
step,"{""assign_to_variable_name"": null, ""class_name"": ""Bot_utility"", ""method_name"": ""activate_window"", ""module_name"": ""Gui_Automate"", ""parameters_config"": {""title"": {""type"": ""variable"", ""value"": ""SAP_name""}}, ""type"": ""step""}"
ELSE,"{""condition_config"": {""block_name"": null, ""condition"": {""left_operand"": {""type"": ""variable"", ""value"": ""isLogonOpen""}, ""operator"": ""=="", ""right_operand"": {""type"": ""hardcoded"", ""value"": true}}}, ""if_id"": ""if_4"", ""type"": ""ELSE"", ""workflow_pos"": [702, 702]}"
step,"{""assign_to_variable_name"": ""isLogonOpen"", ""class_name"": ""Bot_utility"", ""method_name"": ""check_win_title_exits"", ""module_name"": ""Gui_Automate"", ""parameters_config"": {""timeout"": {""type"": ""hardcoded"", ""value"": 1}, ""title"": {""type"": ""hardcoded"", ""value"": ""SAP Logon""}}, ""type"": ""step""}"
IF_START,"{""condition_config"": {""block_name"": null, ""condition"": {""left_operand"": {""type"": ""variable"", ""value"": ""isLogonOpen""}, ""operator"": ""=="", ""right_operand"": {""type"": ""hardcoded"", ""value"": true}}}, ""if_id"": ""if_5"", ""type"": ""IF_START""}"
step,"{""assign_to_variable_name"": null, ""class_name"": ""Bot_utility"", ""method_name"": ""activate_window"", ""module_name"": ""Gui_Automate"", ""parameters_config"": {""title"": {""type"": ""hardcoded"", ""value"": ""SAP Logon""}}, ""type"": ""step""}"
ELSE,"{""condition_config"": {""block_name"": null, ""condition"": {""left_operand"": {""type"": ""variable"", ""value"": ""isLogonOpen""}, ""operator"": ""=="", ""right_operand"": {""type"": ""hardcoded"", ""value"": true}}}, ""if_id"": ""if_5"", ""type"": ""ELSE"", ""workflow_pos"": [789, 886]}"
step,"{""assign_to_variable_name"": null, ""class_name"": ""Keyboard"", ""method_name"": ""send_hotkey"", ""module_name"": ""Mouse_Key_Automate"", ""parameters_config"": {""hotkey"": {""type"": ""hardcoded"", ""value"": ""win+R""}}, ""type"": ""step""}"
step,"{""assign_to_variable_name"": null, ""class_name"": ""Bot_utility"", ""method_name"": ""check_win_title_exits"", ""module_name"": ""Gui_Automate"", ""parameters_config"": {""timeout"": {""type"": ""hardcoded"", ""value"": 5}, ""title"": {""type"": ""hardcoded"", ""value"": ""Run""}}, ""type"": ""step""}"
step,"{""assign_to_variable_name"": null, ""class_name"": ""Keyboard"", ""method_name"": ""send_hotkey"", ""module_name"": ""Mouse_Key_Automate"", ""parameters_config"": {""hotkey"": {""type"": ""hardcoded"", ""value"": ""delete""}}, ""type"": ""step""}"
step,"{""assign_to_variable_name"": null, ""class_name"": ""Bot_utility"", ""method_name"": ""wait_second"", ""module_name"": ""Gui_Automate"", ""parameters_config"": {""value"": {""type"": ""hardcoded"", ""value"": 1}}, ""type"": ""step""}"
step,"{""assign_to_variable_name"": null, ""class_name"": ""Keyboard"", ""method_name"": ""send_text"", ""module_name"": ""Mouse_Key_Automate"", ""parameters_config"": {""text"": {""type"": ""hardcoded"", ""value"": ""saplogon""}}, ""type"": ""step""}"
step,"{""assign_to_variable_name"": null, ""class_name"": ""Keyboard"", ""method_name"": ""send_hotkey"", ""module_name"": ""Mouse_Key_Automate"", ""parameters_config"": {""hotkey"": {""type"": ""hardcoded"", ""value"": ""ENTER""}}, ""type"": ""step""}"
IF_END,"{""condition_config"": {""block_name"": null, ""condition"": {""left_operand"": {""type"": ""variable"", ""value"": ""isLogonOpen""}, ""operator"": ""=="", ""right_operand"": {""type"": ""hardcoded"", ""value"": true}}}, ""if_id"": ""if_5"", ""type"": ""IF_END""}"
step,"{""assign_to_variable_name"": null, ""class_name"": ""Bot_utility"", ""method_name"": ""check_win_title_exits"", ""module_name"": ""Gui_Automate"", ""parameters_config"": {""timeout"": {""type"": ""hardcoded"", ""value"": 20}, ""title"": {""type"": ""hardcoded"", ""value"": ""SAP Logon""}}, ""type"": ""step""}"
step,"{""assign_to_variable_name"": null, ""class_name"": ""Bot_utility"", ""method_name"": ""left_click"", ""module_name"": ""Gui_Automate"", ""parameters_config"": {""confidence"": {""type"": ""hardcoded"", ""value"": 0.92}, ""image_to_click"": {""type"": ""hardcoded_file"", ""value"": ""SAP GUI/SAP_Logon_filter_box""}, ""offset_x"": {""type"": ""hardcoded"", ""value"": 60}, ""offset_y"": {""type"": ""hardcoded"", ""value"": 0}}, ""type"": ""step""}"
step,"{""assign_to_variable_name"": null, ""class_name"": ""Keyboard"", ""method_name"": ""send_hotkey"", ""module_name"": ""Mouse_Key_Automate"", ""parameters_config"": {""hotkey"": {""type"": ""hardcoded"", ""value"": ""Ctrl+a""}}, ""type"": ""step""}"
step,"{""assign_to_variable_name"": null, ""class_name"": ""Keyboard"", ""method_name"": ""send_hotkey"", ""module_name"": ""Mouse_Key_Automate"", ""parameters_config"": {""hotkey"": {""type"": ""hardcoded"", ""value"": ""delete""}}, ""type"": ""step""}"
step,"{""assign_to_variable_name"": null, ""class_name"": ""Keyboard"", ""method_name"": ""send_text"", ""module_name"": ""Mouse_Key_Automate"", ""parameters_config"": {""text"": {""type"": ""variable"", ""value"": ""SAP_name""}}, ""type"": ""step""}"
step,"{""assign_to_variable_name"": null, ""class_name"": ""Keyboard"", ""method_name"": ""send_hotkey"", ""module_name"": ""Mouse_Key_Automate"", ""parameters_config"": {""hotkey"": {""type"": ""hardcoded"", ""value"": ""ENTER""}}, ""type"": ""step""}"
step,"{""assign_to_variable_name"": null, ""class_name"": ""Bot_utility"", ""method_name"": ""check_image_exits"", ""module_name"": ""Gui_Automate"", ""parameters_config"": {""image_to_click"": {""type"": ""hardcoded_file"", ""value"": ""SAP GUI/SAP_check_icone""}, ""timeout"": {""type"": ""hardcoded"", ""value"": 5}}, ""type"": ""step""}"
IF_END,"{""condition_config"": {""block_name"": null, ""condition"": {""left_operand"": {""type"": ""variable"", ""value"": ""isLogonOpen""}, ""operator"": ""=="", ""right_operand"": {""type"": ""hardcoded"", ""value"": true}}}, ""if_id"": ""if_4"", ""type"": ""IF_END""}"
step,"{""assign_to_variable_name"": null, ""class_name"": ""Bot_utility"", ""method_name"": ""check_win_title_exits"", ""module_name"": ""Gui_Automate"", ""parameters_config"": {""timeout"": {""type"": ""hardcoded"", ""value"": 20}, ""title"": {""type"": ""variable"", ""value"": ""SAP_name""}}, ""type"": ""step""}"
step,"{""assign_to_variable_name"": null, ""class_name"": ""Bot_SAP"", ""method_name"": ""enter_tcode"", ""module_name"": ""Gui_Automate"", ""parameters_config"": {""tcode"": {""type"": ""hardcoded"", ""value"": ""/n""}}, ""type"": ""step""}"
group_end,"{""group_id"": ""group_2"", ""type"": ""group_end""}"
step,"{""assign_to_variable_name"": null, ""class_name"": ""Bot_SAP"", ""method_name"": ""enter_tcode"", ""module_name"": ""Gui_Automate"", ""parameters_config"": {""tcode"": {""type"": ""hardcoded"", ""value"": ""/nbp""}}, ""type"": ""step"", ""workflow_pos"": [6140, 170]}"
group_start,"{""group_id"": ""group_5"", ""group_name"": ""Warning_processing"", ""type"": ""group_start"", ""workflow_pos"": [6140, 290]}"
loop_start,"{""loop_config"": {""assign_iteration_to_variable"": null, ""iteration_count_config"": {""type"": ""hardcoded"", ""value"": 3}, ""loop_name"": null}, ""loop_id"": ""loop_3"", ""type"": ""loop_start""}"
step,"{""assign_to_variable_name"": ""isWarning"", ""class_name"": ""Bot_utility"", ""method_name"": ""check_win_title_exits"", ""module_name"": ""Gui_Automate"", ""parameters_config"": {""timeout"": {""type"": ""hardcoded"", ""value"": 1}, ""title"": {""type"": ""hardcoded"", ""value"": ""Change to another business partner""}}, ""type"": ""step""}"
IF_START,"{""condition_config"": {""block_name"": null, ""condition"": {""left_operand"": {""type"": ""variable"", ""value"": ""isWarning""}, ""operator"": ""=="", ""right_operand"": {""type"": ""hardcoded"", ""value"": true}}}, ""if_id"": ""if_20"", ""type"": ""IF_START""}"
step,"{""assign_to_variable_name"": null, ""class_name"": ""Bot_utility"", ""method_name"": ""left_click"", ""module_name"": ""Gui_Automate"", ""parameters_config"": {""confidence"": {""type"": ""hardcoded"", ""value"": 0.92}, ""image_to_click"": {""type"": ""hardcoded_file"", ""value"": ""SAP GUI/SAP_unblock_warning""}, ""offset_x"": {""type"": ""hardcoded"", ""value"": ""-60""}, ""offset_y"": {""type"": ""hardcoded"", ""value"": 0}, ""stop_if_not_found"": {""type"": ""hardcoded"", ""value"": false}}, ""type"": ""step""}"
ELSE,"{""condition_config"": {""block_name"": null, ""condition"": {""left_operand"": {""type"": ""variable"", ""value"": ""isWarning""}, ""operator"": ""=="", ""right_operand"": {""type"": ""hardcoded"", ""value"": true}}}, ""if_id"": ""if_20"", ""type"": ""ELSE""}"
IF_END,"{""condition_config"": {""block_name"": null, ""condition"": {""left_operand"": {""type"": ""variable"", ""value"": ""isWarning""}, ""operator"": ""=="", ""right_operand"": {""type"": ""hardcoded"", ""value"": true}}}, ""if_id"": ""if_20"", ""type"": ""IF_END""}"
step,"{""assign_to_variable_name"": ""isWarning"", ""class_name"": ""Bot_utility"", ""method_name"": ""check_image_exits"", ""module_name"": ""Gui_Automate"", ""parameters_config"": {""image_to_click"": {""type"": ""hardcoded_file"", ""value"": ""SAP GUI/SAP_unblock_warning""}, ""timeout"": {""type"": ""hardcoded"", ""value"": 1}}, ""type"": ""step""}"
IF_START,"{""condition_config"": {""block_name"": null, ""condition"": {""left_operand"": {""type"": ""variable"", ""value"": ""isWarning""}, ""operator"": ""=="", ""right_operand"": {""type"": ""hardcoded"", ""value"": true}}}, ""if_id"": ""if_21"", ""type"": ""IF_START""}"
step,"{""assign_to_variable_name"": null, ""class_name"": ""Bot_utility"", ""method_name"": ""left_click"", ""module_name"": ""Gui_Automate"", ""parameters_config"": {""confidence"": {""type"": ""hardcoded"", ""value"": 0.92}, ""image_to_click"": {""type"": ""hardcoded_file"", ""value"": ""SAP GUI/SAP_unblock_warning""}, ""offset_x"": {""type"": ""hardcoded"", ""value"": 60}, ""offset_y"": {""type"": ""hardcoded"", ""value"": 0}}, ""type"": ""step""}"
ELSE,"{""condition_config"": {""block_name"": null, ""condition"": {""left_operand"": {""type"": ""variable"", ""value"": ""isWarning""}, ""operator"": ""=="", ""right_operand"": {""type"": ""hardcoded"", ""value"": true}}}, ""if_id"": ""if_21"", ""type"": ""ELSE""}"
IF_END,"{""condition_config"": {""block_name"": null, ""condition"": {""left_operand"": {""type"": ""variable"", ""value"": ""isWarning""}, ""operator"": ""=="", ""right_operand"": {""type"": ""hardcoded"", ""value"": true}}}, ""if_id"": ""if_21"", ""type"": ""IF_END""}"
step,"{""assign_to_variable_name"": ""isWarning"", ""class_name"": ""Bot_utility"", ""method_name"": ""check_win_title_exits"", ""module_name"": ""Gui_Automate"", ""parameters_config"": {""timeout"": {""type"": ""hardcoded"", ""value"": 1}, ""title"": {""type"": ""hardcoded"", ""value"": ""Information""}}, ""type"": ""step""}"
IF_START,"{""condition_config"": {""block_name"": null, ""condition"": {""left_operand"": {""type"": ""variable"", ""value"": ""isWarning""}, ""operator"": ""=="", ""right_operand"": {""type"": ""hardcoded"", ""value"": true}}}, ""if_id"": ""if_22"", ""type"": ""IF_START""}"
step,"{""assign_to_variable_name"": null, ""class_name"": ""Bot_utility"", ""method_name"": ""left_click"", ""module_name"": ""Gui_Automate"", ""parameters_config"": {""confidence"": {""type"": ""hardcoded"", ""value"": 0.92}, ""image_to_click"": {""type"": ""hardcoded_file"", ""value"": ""SAP GUI/SAP_BP_block_reason_check_icon""}, ""offset_x"": {""type"": ""hardcoded"", ""value"": 0}, ""offset_y"": {""type"": ""hardcoded"", ""value"": 0}}, ""type"": ""step""}"
ELSE,"{""condition_config"": {""block_name"": null, ""condition"": {""left_operand"": {""type"": ""variable"", ""value"": ""isWarning""}, ""operator"": ""=="", ""right_operand"": {""type"": ""hardcoded"", ""value"": true}}}, ""if_id"": ""if_22"", ""type"": ""ELSE""}"
step,"{""assign_to_variable_name"": null, ""class_name"": ""youmodule2"", ""method_name"": ""do_nothing"", ""module_name"": ""my_modules"", ""parameters_config"": {}, ""type"": ""step""}"
IF_END,"{""condition_config"": {""block_name"": null, ""condition"": {""left_operand"": {""type"": ""variable"", ""value"": ""isWarning""}, ""operator"": ""=="", ""right_operand"": {""type"": ""hardcoded"", ""value"": true}}}, ""if_id"": ""if_22"", ""type"": ""IF_END""}"
loop_end,"{""loop_config"": {""assign_iteration_to_variable"": null, ""iteration_count_config"": {""type"": ""hardcoded"", ""value"": 3}, ""loop_name"": null}, ""loop_id"": ""loop_3"", ""type"": ""loop_end""}"
step,"{""assign_to_variable_name"": ""workbook"", ""class_name"": ""handle_excel"", ""method_name"": ""read_excel"", ""module_name"": ""File_ReadWrite"", ""parameters_config"": {""file_link"": {""type"": ""variable"", ""value"": ""excel_link""}, ""sheet_name"": {""type"": ""hardcoded"", ""value"": null}}, ""type"": ""step""}"
group_end,"{""group_id"": ""group_5"", ""group_name"": ""Warning_processing"", ""type"": ""group_end"", ""workflow_pos"": [5920, 2290]}"
step,"{""assign_to_variable_name"": ""total_len_wb"", ""class_name"": ""handle_excel"", ""method_name"": ""count_non_empty_rows_in_column"", ""module_name"": ""File_ReadWrite"", ""parameters_config"": {""column_identifier"": {""type"": ""hardcoded"", ""value"": ""A""}, ""workbook"": {""type"": ""variable"", ""value"": ""workbook""}}, ""type"": ""step"", ""workflow_pos"": [6140, 410]}"
loop_start,"{""loop_config"": {""assign_iteration_to_variable"": ""iterate_loop"", ""iteration_count_config"": {""type"": ""variable"", ""value"": ""total_len_wb""}, ""loop_name"": ""loop_workbook""}, ""loop_id"": ""loop_1"", ""type"": ""loop_start"", ""workflow_pos"": [6140, 530]}"
step,"{""assign_to_variable_name"": ""wb_status_column"", ""class_name"": ""handle_excel"", ""method_name"": ""read_excel_cells"", ""module_name"": ""File_ReadWrite"", ""parameters_config"": {""col"": {""type"": ""hardcoded"", ""value"": ""D""}, ""row"": {""type"": ""variable"", ""value"": ""iterate_loop""}, ""workbook"": {""type"": ""variable"", ""value"": ""workbook""}}, ""type"": ""step"", ""workflow_pos"": [6074, 650]}"
step,"{""assign_to_variable_name"": ""current_BP"", ""class_name"": ""handle_excel"", ""method_name"": ""read_excel_cells"", ""module_name"": ""File_ReadWrite"", ""parameters_config"": {""col"": {""type"": ""hardcoded"", ""value"": ""A""}, ""row"": {""type"": ""variable"", ""value"": ""iterate_loop""}, ""workbook"": {""type"": ""variable"", ""value"": ""workbook""}}, ""type"": ""step"", ""workflow_pos"": [6074, 770]}"
IF_START,"{""condition_config"": {""block_name"": null, ""condition"": {""left_operand"": {""type"": ""variable"", ""value"": ""wb_status_column""}, ""operator"": ""is"", ""right_operand"": {""type"": ""hardcoded"", ""value"": null}}}, ""if_id"": ""if_1"", ""type"": ""IF_START"", ""workflow_pos"": [6074, 890]}"
step,"{""assign_to_variable_name"": null, ""class_name"": ""youmodule2"", ""method_name"": ""do_nothing"", ""module_name"": ""my_modules"", ""parameters_config"": {}, ""type"": ""step"", ""workflow_pos"": [5744, 1010]}"
step,"{""assign_to_variable_name"": null, ""class_name"": ""Bot_utility"", ""method_name"": ""wait_second"", ""module_name"": ""Gui_Automate"", ""parameters_config"": {""value"": {""type"": ""variable"", ""value"": ""wait_const""}}, ""type"": ""step"", ""workflow_pos"": [5744, 1130]}"
step,"{""assign_to_variable_name"": ""isOpen_BP_exist"", ""class_name"": ""Bot_utility"", ""method_name"": ""check_image_exits"", ""module_name"": ""Gui_Automate"", ""parameters_config"": {""image_to_click"": {""type"": ""hardcoded_file"", ""value"": ""SAP GUI/SAP_unblockBP_open_icon""}, ""timeout"": {""type"": ""hardcoded"", ""value"": 30}}, ""type"": ""step"", ""workflow_pos"": [5744, 1250]}"
IF_START,"{""condition_config"": {""block_name"": ""IF isOpen_BP"", ""condition"": {""left_operand"": {""type"": ""variable"", ""value"": ""isOpen_BP_exist""}, ""operator"": ""=="", ""right_operand"": {""type"": ""hardcoded"", ""value"": true}}}, ""if_id"": ""if_6"", ""type"": ""IF_START"", ""workflow_pos"": [5744, 1370]}"
loop_start,"{""loop_config"": {""assign_iteration_to_variable"": null, ""iteration_count_config"": {""type"": ""variable"", ""value"": ""warning_loop""}, ""loop_name"": ""Loop openBP""}, ""loop_id"": ""loop_6"", ""type"": ""loop_start"", ""workflow_pos"": [5414, 1490]}"
step,"{""assign_to_variable_name"": ""isWarning"", ""class_name"": ""Bot_utility"", ""method_name"": ""check_win_title_exits"", ""module_name"": ""Gui_Automate"", ""parameters_config"": {""timeout"": {""type"": ""hardcoded"", ""value"": 1}, ""title"": {""type"": ""hardcoded"", ""value"": ""Change to another business partner""}}, ""type"": ""step"", ""workflow_pos"": [5348, 1610]}"
IF_START,"{""condition_config"": {""block_name"": null, ""condition"": {""left_operand"": {""type"": ""variable"", ""value"": ""isWarning""}, ""operator"": ""=="", ""right_operand"": {""type"": ""hardcoded"", ""value"": true}}}, ""if_id"": ""if_23"", ""type"": ""IF_START"", ""workflow_pos"": [5348, 1730]}"
step,"{""assign_to_variable_name"": null, ""class_name"": ""Bot_utility"", ""method_name"": ""left_click"", ""module_name"": ""Gui_Automate"", ""parameters_config"": {""confidence"": {""type"": ""hardcoded"", ""value"": 0.92}, ""image_to_click"": {""type"": ""hardcoded_file"", ""value"": ""SAP GUI/SAP_unblock_warning""}, ""offset_x"": {""type"": ""hardcoded"", ""value"": ""-60""}, ""offset_y"": {""type"": ""hardcoded"", ""value"": 0}, ""stop_if_not_found"": {""type"": ""hardcoded"", ""value"": false}}, ""type"": ""step"", ""workflow_pos"": [5282, 1850]}"
ELSE,"{""condition_config"": {""block_name"": null, ""condition"": {""left_operand"": {""type"": ""variable"", ""value"": ""isWarning""}, ""operator"": ""=="", ""right_operand"": {""type"": ""hardcoded"", ""value"": true}}}, ""if_id"": ""if_23"", ""type"": ""ELSE""}"
IF_END,"{""condition_config"": {""block_name"": null, ""condition"": {""left_operand"": {""type"": ""variable"", ""value"": ""isWarning""}, ""operator"": ""=="", ""right_operand"": {""type"": ""hardcoded"", ""value"": true}}}, ""if_id"": ""if_23"", ""type"": ""IF_END"", ""workflow_pos"": [5348, 2010]}"
step,"{""assign_to_variable_name"": ""isWarning"", ""class_name"": ""Bot_utility"", ""method_name"": ""check_image_exits"", ""module_name"": ""Gui_Automate"", ""parameters_config"": {""image_to_click"": {""type"": ""hardcoded_file"", ""value"": ""SAP GUI/SAP_unblock_warning""}, ""timeout"": {""type"": ""hardcoded"", ""value"": 1}}, ""type"": ""step"", ""workflow_pos"": [5348, 2130]}"
IF_START,"{""condition_config"": {""block_name"": null, ""condition"": {""left_operand"": {""type"": ""variable"", ""value"": ""isWarning""}, ""operator"": ""=="", ""right_operand"": {""type"": ""hardcoded"", ""value"": true}}}, ""if_id"": ""if_24"", ""type"": ""IF_START"", ""workflow_pos"": [5348, 2250]}"
step,"{""assign_to_variable_name"": null, ""class_name"": ""Bot_utility"", ""method_name"": ""left_click"", ""module_name"": ""Gui_Automate"", ""parameters_config"": {""confidence"": {""type"": ""hardcoded"", ""value"": 0.92}, ""image_to_click"": {""type"": ""hardcoded_file"", ""value"": ""SAP GUI/SAP_unblock_warning""}, ""offset_x"": {""type"": ""hardcoded"", ""value"": 60}, ""offset_y"": {""type"": ""hardcoded"", ""value"": 0}}, ""type"": ""step"", ""workflow_pos"": [5282, 2370]}"
ELSE,"{""condition_config"": {""block_name"": null, ""condition"": {""left_operand"": {""type"": ""variable"", ""value"": ""isWarning""}, ""operator"": ""=="", ""right_operand"": {""type"": ""hardcoded"", ""value"": true}}}, ""if_id"": ""if_24"", ""type"": ""ELSE""}"
IF_END,"{""condition_config"": {""block_name"": null, ""condition"": {""left_operand"": {""type"": ""variable"", ""value"": ""isWarning""}, ""operator"": ""=="", ""right_operand"": {""type"": ""hardcoded"", ""value"": true}}}, ""if_id"": ""if_24"", ""type"": ""IF_END"", ""workflow_pos"": [5348, 2530]}"
step,"{""assign_to_variable_name"": ""isWarning"", ""class_name"": ""Bot_utility"", ""method_name"": ""check_win_title_exits"", ""module_name"": ""Gui_Automate"", ""parameters_config"": {""timeout"": {""type"": ""hardcoded"", ""value"": 1}, ""title"": {""type"": ""hardcoded"", ""value"": ""Information""}}, ""type"": ""step"", ""workflow_pos"": [5348, 2650]}"
IF_START,"{""condition_config"": {""block_name"": null, ""condition"": {""left_operand"": {""type"": ""variable"", ""value"": ""isWarning""}, ""operator"": ""=="", ""right_operand"": {""type"": ""hardcoded"", ""value"": true}}}, ""if_id"": ""if_25"", ""type"": ""IF_START"", ""workflow_pos"": [5348, 2770]}"
step,"{""assign_to_variable_name"": null, ""class_name"": ""Bot_utility"", ""method_name"": ""left_click"", ""module_name"": ""Gui_Automate"", ""parameters_config"": {""confidence"": {""type"": ""hardcoded"", ""value"": 0.92}, ""image_to_click"": {""type"": ""hardcoded_file"", ""value"": ""SAP GUI/SAP_BP_block_reason_check_icon""}, ""offset_x"": {""type"": ""hardcoded"", ""value"": 0}, ""offset_y"": {""type"": ""hardcoded"", ""value"": 0}}, ""type"": ""step"", ""workflow_pos"": [5018, 2890]}"
ELSE,"{""condition_config"": {""block_name"": null, ""condition"": {""left_operand"": {""type"": ""variable"", ""value"": ""isWarning""}, ""operator"": ""=="", ""right_operand"": {""type"": ""hardcoded"", ""value"": true}}}, ""if_id"": ""if_25"", ""type"": ""ELSE""}"
step,"{""assign_to_variable_name"": null, ""class_name"": ""youmodule2"", ""method_name"": ""do_nothing"", ""module_name"": ""my_modules"", ""parameters_config"": {}, ""type"": ""step"", ""workflow_pos"": [5612, 2890]}"
IF_END,"{""condition_config"": {""block_name"": null, ""condition"": {""left_operand"": {""type"": ""variable"", ""value"": ""isWarning""}, ""operator"": ""=="", ""right_operand"": {""type"": ""hardcoded"", ""value"": true}}}, ""if_id"": ""if_25"", ""type"": ""IF_END"", ""workflow_pos"": [5348, 3050]}"
loop_end,"{""loop_config"": {""assign_iteration_to_variable"": null, ""iteration_count_config"": {""type"": ""variable"", ""value"": ""warning_loop""}, ""loop_name"": ""Loop openBP""}, ""loop_id"": ""loop_6"", ""type"": ""loop_end"", ""workflow_pos"": [5414, 3210]}"
step,"{""assign_to_variable_name"": null, ""class_name"": ""Bot_utility"", ""method_name"": ""wait_second"", ""module_name"": ""Gui_Automate"", ""parameters_config"": {""value"": {""type"": ""variable"", ""value"": ""wait_const""}}, ""type"": ""step"", ""workflow_pos"": [5414, 3330]}"
step,"{""assign_to_variable_name"": null, ""class_name"": ""Bot_utility"", ""method_name"": ""left_click"", ""module_name"": ""Gui_Automate"", ""parameters_config"": {""confidence"": {""type"": ""hardcoded"", ""value"": 0.92}, ""image_to_click"": {""type"": ""hardcoded_file"", ""value"": ""SAP GUI/SAP_unblockBP_open_icon""}, ""offset_x"": {""type"": ""hardcoded"", ""value"": 0}, ""offset_y"": {""type"": ""hardcoded"", ""value"": 0}, ""stop_if_not_found"": {""type"": ""hardcoded"", ""value"": false}}, ""type"": ""step"", ""workflow_pos"": [5414, 3450]}"
step,"{""assign_to_variable_name"": ""is_BP_box_open"", ""class_name"": ""Bot_utility"", ""method_name"": ""check_image_exits"", ""module_name"": ""Gui_Automate"", ""parameters_config"": {""image_to_click"": {""type"": ""hardcoded_file"", ""value"": ""SAP GUI/SAP_unblockBP_BP_box""}, ""timeout"": {""type"": ""hardcoded"", ""value"": 10}}, ""type"": ""step"", ""workflow_pos"": [5414, 3570]}"
IF_START,"{""condition_config"": {""block_name"": null, ""condition"": {""left_operand"": {""type"": ""variable"", ""value"": ""is_BP_box_open""}, ""operator"": ""=="", ""right_operand"": {""type"": ""hardcoded"", ""value"": true}}}, ""if_id"": ""if_29"", ""type"": ""IF_START"", ""workflow_pos"": [5414, 3690]}"
step,"{""assign_to_variable_name"": null, ""class_name"": ""Bot_utility"", ""method_name"": ""wait_second"", ""module_name"": ""Gui_Automate"", ""parameters_config"": {""value"": {""type"": ""variable"", ""value"": ""wait_const""}}, ""type"": ""step"", ""workflow_pos"": [5084, 3810]}"
step,"{""assign_to_variable_name"": null, ""class_name"": ""Bot_utility"", ""method_name"": ""left_click"", ""module_name"": ""Gui_Automate"", ""parameters_config"": {""confidence"": {""type"": ""hardcoded"", ""value"": 0.92}, ""image_to_click"": {""type"": ""hardcoded_file"", ""value"": ""SAP GUI/SAP_unblockBP_BP_box""}, ""offset_x"": {""type"": ""hardcoded"", ""value"": 50}, ""offset_y"": {""type"": ""hardcoded"", ""value"": 0}, ""stop_if_not_found"": {""type"": ""hardcoded"", ""value"": false}}, ""type"": ""step"", ""workflow_pos"": [5084, 3930]}"
step,"{""assign_to_variable_name"": ""warning_loop"", ""class_name"": ""change_variable_value"", ""method_name"": ""assign_value2variable"", ""module_name"": ""Variable_manipulation"", ""parameters_config"": {""value"": {""type"": ""hardcoded"", ""value"": 1}}, ""type"": ""step"", ""workflow_pos"": [5084, 4050]}"
ELSE,"{""condition_config"": {""block_name"": null, ""condition"": {""left_operand"": {""type"": ""variable"", ""value"": ""is_BP_box_open""}, ""operator"": ""=="", ""right_operand"": {""type"": ""hardcoded"", ""value"": true}}}, ""if_id"": ""if_29"", ""type"": ""ELSE""}"
step,"{""assign_to_variable_name"": null, ""class_name"": ""Bot_utility"", ""method_name"": ""wait_second"", ""module_name"": ""Gui_Automate"", ""parameters_config"": {""value"": {""type"": ""variable"", ""value"": ""wait_const""}}, ""type"": ""step"", ""workflow_pos"": [5678, 3810]}"
IF_END,"{""condition_config"": {""block_name"": null, ""condition"": {""left_operand"": {""type"": ""variable"", ""value"": ""is_BP_box_open""}, ""operator"": ""=="", ""right_operand"": {""type"": ""hardcoded"", ""value"": true}}}, ""if_id"": ""if_29"", ""type"": ""IF_END"", ""workflow_pos"": [5414, 4210]}"
step,"{""assign_to_variable_name"": null, ""class_name"": ""Bot_utility"", ""method_name"": ""wait_second"", ""module_name"": ""Gui_Automate"", ""parameters_config"": {""value"": {""type"": ""variable"", ""value"": ""wait_const""}}, ""type"": ""step"", ""workflow_pos"": [5414, 4330]}"
step,"{""assign_to_variable_name"": null, ""class_name"": ""Keyboard"", ""method_name"": ""send_text"", ""module_name"": ""Mouse_Key_Automate"", ""parameters_config"": {""text"": {""type"": ""variable"", ""value"": ""current_BP""}}, ""type"": ""step"", ""workflow_pos"": [5414, 4450]}"
step,"{""assign_to_variable_name"": null, ""class_name"": ""Bot_utility"", ""method_name"": ""wait_second"", ""module_name"": ""Gui_Automate"", ""parameters_config"": {""value"": {""type"": ""variable"", ""value"": ""wait_const""}}, ""type"": ""step"", ""workflow_pos"": [5414, 4570]}"
step,"{""assign_to_variable_name"": null, ""class_name"": ""Keyboard"", ""method_name"": ""send_hotkey"", ""module_name"": ""Mouse_Key_Automate"", ""parameters_config"": {""hotkey"": {""type"": ""hardcoded"", ""value"": ""ENTER""}}, ""type"": ""step"", ""workflow_pos"": [5414, 4690]}"
step,"{""assign_to_variable_name"": null, ""class_name"": ""Bot_utility"", ""method_name"": ""wait_second"", ""module_name"": ""Gui_Automate"", ""parameters_config"": {""value"": {""type"": ""variable"", ""value"": ""wait_const""}}, ""type"": ""step"", ""workflow_pos"": [5414, 4810]}"
group_start,"{""group_id"": ""group_3"", ""group_name"": ""Open BP"", ""type"": ""group_start"", ""workflow_pos"": [5414, 4930]}"
group_end,"{""group_id"": ""group_3"", ""group_name"": ""Open BP"", ""type"": ""group_end"", ""workflow_pos"": [5194, 7770]}"
group_start,"{""group_id"": ""group_7"", ""group_name"": ""Warning_processing"", ""type"": ""group_start"", ""workflow_pos"": [5414, 5050]}"
loop_start,"{""loop_config"": {""loop_name"": null, ""iteration_count_config"": {""type"": ""variable"", ""value"": ""warning_loop""}, ""assign_iteration_to_variable"": null}, ""loop_id"": ""loop_5"", ""type"": ""loop_start""}"
step,"{""assign_to_variable_name"": ""isWarning"", ""class_name"": ""Bot_utility"", ""method_name"": ""check_win_title_exits"", ""module_name"": ""Gui_Automate"", ""parameters_config"": {""timeout"": {""type"": ""hardcoded"", ""value"": 1}, ""title"": {""type"": ""hardcoded"", ""value"": ""Change to another business partner""}}, ""type"": ""step""}"
IF_START,"{""condition_config"": {""block_name"": null, ""condition"": {""left_operand"": {""type"": ""variable"", ""value"": ""isWarning""}, ""operator"": ""=="", ""right_operand"": {""type"": ""hardcoded"", ""value"": true}}}, ""if_id"": ""if_26"", ""type"": ""IF_START""}"
step,"{""assign_to_variable_name"": null, ""class_name"": ""Bot_utility"", ""method_name"": ""left_click"", ""module_name"": ""Gui_Automate"", ""parameters_config"": {""confidence"": {""type"": ""hardcoded"", ""value"": 0.92}, ""image_to_click"": {""type"": ""hardcoded_file"", ""value"": ""SAP GUI/SAP_unblock_warning""}, ""offset_x"": {""type"": ""hardcoded"", ""value"": ""-60""}, ""offset_y"": {""type"": ""hardcoded"", ""value"": 0}, ""stop_if_not_found"": {""type"": ""hardcoded"", ""value"": false}}, ""type"": ""step""}"
ELSE,"{""condition_config"": {""block_name"": null, ""condition"": {""left_operand"": {""type"": ""variable"", ""value"": ""isWarning""}, ""operator"": ""=="", ""right_operand"": {""type"": ""hardcoded"", ""value"": true}}}, ""if_id"": ""if_26"", ""type"": ""ELSE""}"
IF_END,"{""condition_config"": {""block_name"": null, ""condition"": {""left_operand"": {""type"": ""variable"", ""value"": ""isWarning""}, ""operator"": ""=="", ""right_operand"": {""type"": ""hardcoded"", ""value"": true}}}, ""if_id"": ""if_26"", ""type"": ""IF_END""}"
step,"{""assign_to_variable_name"": ""isWarning"", ""class_name"": ""Bot_utility"", ""method_name"": ""check_image_exits"", ""module_name"": ""Gui_Automate"", ""parameters_config"": {""image_to_click"": {""type"": ""hardcoded_file"", ""value"": ""SAP GUI/SAP_unblock_warning""}, ""timeout"": {""type"": ""hardcoded"", ""value"": 1}}, ""type"": ""step""}"
IF_START,"{""condition_config"": {""block_name"": null, ""condition"": {""left_operand"": {""type"": ""variable"", ""value"": ""isWarning""}, ""operator"": ""=="", ""right_operand"": {""type"": ""hardcoded"", ""value"": true}}}, ""if_id"": ""if_27"", ""type"": ""IF_START""}"
step,"{""assign_to_variable_name"": null, ""class_name"": ""Bot_utility"", ""method_name"": ""left_click"", ""module_name"": ""Gui_Automate"", ""parameters_config"": {""confidence"": {""type"": ""hardcoded"", ""value"": 0.92}, ""image_to_click"": {""type"": ""hardcoded_file"", ""value"": ""SAP GUI/SAP_unblock_warning""}, ""offset_x"": {""type"": ""hardcoded"", ""value"": 60}, ""offset_y"": {""type"": ""hardcoded"", ""value"": 0}}, ""type"": ""step""}"
ELSE,"{""condition_config"": {""block_name"": null, ""condition"": {""left_operand"": {""type"": ""variable"", ""value"": ""isWarning""}, ""operator"": ""=="", ""right_operand"": {""type"": ""hardcoded"", ""value"": true}}}, ""if_id"": ""if_27"", ""type"": ""ELSE""}"
IF_END,"{""condition_config"": {""block_name"": null, ""condition"": {""left_operand"": {""type"": ""variable"", ""value"": ""isWarning""}, ""operator"": ""=="", ""right_operand"": {""type"": ""hardcoded"", ""value"": true}}}, ""if_id"": ""if_27"", ""type"": ""IF_END""}"
step,"{""assign_to_variable_name"": ""isWarning"", ""class_name"": ""Bot_utility"", ""method_name"": ""check_win_title_exits"", ""module_name"": ""Gui_Automate"", ""parameters_config"": {""timeout"": {""type"": ""hardcoded"", ""value"": 2}, ""title"": {""type"": ""hardcoded"", ""value"": ""Information""}}, ""type"": ""step""}"
IF_START,"{""condition_config"": {""block_name"": null, ""condition"": {""left_operand"": {""type"": ""variable"", ""value"": ""isWarning""}, ""operator"": ""=="", ""right_operand"": {""type"": ""hardcoded"", ""value"": true}}}, ""if_id"": ""if_28"", ""type"": ""IF_START""}"
step,"{""assign_to_variable_name"": null, ""class_name"": ""Bot_utility"", ""method_name"": ""wait_second"", ""module_name"": ""Gui_Automate"", ""parameters_config"": {""value"": {""type"": ""variable"", ""value"": ""wait_const""}}, ""type"": ""step""}"
step,"{""assign_to_variable_name"": null, ""class_name"": ""Bot_utility"", ""method_name"": ""left_click"", ""module_name"": ""Gui_Automate"", ""parameters_config"": {""confidence"": {""type"": ""hardcoded"", ""value"": 0.92}, ""image_to_click"": {""type"": ""hardcoded_file"", ""value"": ""SAP GUI/SAP_BP_block_reason_check_icon""}, ""offset_x"": {""type"": ""hardcoded"", ""value"": 0}, ""offset_y"": {""type"": ""hardcoded"", ""value"": 0}}, ""type"": ""step""}"
ELSE,"{""condition_config"": {""block_name"": null, ""condition"": {""left_operand"": {""type"": ""variable"", ""value"": ""isWarning""}, ""operator"": ""=="", ""right_operand"": {""type"": ""hardcoded"", ""value"": true}}}, ""if_id"": ""if_28"", ""type"": ""ELSE""}"
step,"{""assign_to_variable_name"": null, ""class_name"": ""youmodule2"", ""method_name"": ""do_nothing"", ""module_name"": ""my_modules"", ""parameters_config"": {}, ""type"": ""step""}"
IF_END,"{""condition_config"": {""block_name"": null, ""condition"": {""left_operand"": {""type"": ""variable"", ""value"": ""isWarning""}, ""operator"": ""=="", ""right_operand"": {""type"": ""hardcoded"", ""value"": true}}}, ""if_id"": ""if_28"", ""type"": ""IF_END""}"
loop_end,"{""loop_config"": {""loop_name"": null, ""iteration_count_config"": {""type"": ""variable"", ""value"": ""warning_loop""}, ""assign_iteration_to_variable"": null}, ""loop_id"": ""loop_5"", ""type"": ""loop_end""}"
group_end,"{""group_id"": ""group_7"", ""group_name"": ""Warning_processing"", ""type"": ""group_end"", ""workflow_pos"": [5194, 10010]}"
step,"{""assign_to_variable_name"": ""isBP_not_Exist"", ""class_name"": ""Bot_utility"", ""method_name"": ""check_image_exits"", ""module_name"": ""Gui_Automate"", ""parameters_config"": {""image_to_click"": {""type"": ""hardcoded_file"", ""value"": ""SAP GUI/SAP_unblock_BP_notexist""}, ""timeout"": {""type"": ""hardcoded"", ""value"": 2}}, ""type"": ""step"", ""workflow_pos"": [5414, 5170]}"
IF_START,"{""condition_config"": {""block_name"": null, ""condition"": {""left_operand"": {""type"": ""variable"", ""value"": ""isBP_not_Exist""}, ""operator"": ""is not"", ""right_operand"": {""type"": ""hardcoded"", ""value"": true}}}, ""if_id"": ""if_9"", ""type"": ""IF_START"", ""workflow_pos"": [5414, 5290]}"
step,"{""assign_to_variable_name"": null, ""class_name"": ""Bot_utility"", ""method_name"": ""check_image_exits"", ""module_name"": ""Gui_Automate"", ""parameters_config"": {""image_to_click"": {""type"": ""hardcoded_file"", ""value"": ""SAP GUI/SAP_unblockBP_GTS_tab""}, ""timeout"": {""type"": ""hardcoded"", ""value"": 10}}, ""type"": ""step"", ""workflow_pos"": [5084, 5410]}"
step,"{""assign_to_variable_name"": null, ""class_name"": ""Bot_utility"", ""method_name"": ""left_click"", ""module_name"": ""Gui_Automate"", ""parameters_config"": {""confidence"": {""type"": ""hardcoded"", ""value"": 0.92}, ""image_to_click"": {""type"": ""hardcoded_file"", ""value"": ""SAP GUI/SAP_unblockBP_GTS_tab""}, ""offset_x"": {""type"": ""hardcoded"", ""value"": 0}, ""offset_y"": {""type"": ""hardcoded"", ""value"": 0}, ""stop_if_not_found"": {""type"": ""hardcoded"", ""value"": true}}, ""type"": ""step"", ""workflow_pos"": [5084, 5530]}"
step,"{""assign_to_variable_name"": ""isEditmode"", ""class_name"": ""Bot_utility"", ""method_name"": ""check_image_exits"", ""module_name"": ""Gui_Automate"", ""parameters_config"": {""image_to_click"": {""type"": ""hardcoded_file"", ""value"": ""SAP GUI/SAP_unblockBP_edit_mode""}, ""timeout"": {""type"": ""hardcoded"", ""value"": 5}}, ""type"": ""step"", ""workflow_pos"": [5084, 5650]}"
IF_START,"{""condition_config"": {""block_name"": null, ""condition"": {""left_operand"": {""type"": ""variable"", ""value"": ""isEditmode""}, ""operator"": ""=="", ""right_operand"": {""type"": ""hardcoded"", ""value"": false}}}, ""if_id"": ""if_10"", ""type"": ""IF_START"", ""workflow_pos"": [5084, 5770]}"
step,"{""assign_to_variable_name"": null, ""class_name"": ""Bot_utility"", ""method_name"": ""left_click"", ""module_name"": ""Gui_Automate"", ""parameters_config"": {""confidence"": {""type"": ""hardcoded"", ""value"": 0.92}, ""image_to_click"": {""type"": ""hardcoded_file"", ""value"": ""SAP GUI/SAP_unblockBP_to_change_mode""}, ""offset_x"": {""type"": ""hardcoded"", ""value"": 0}, ""offset_y"": {""type"": ""hardcoded"", ""value"": 0}}, ""type"": ""step"", ""workflow_pos"": [4754, 5890]}"
ELSE,"{""condition_config"": {""block_name"": null, ""condition"": {""left_operand"": {""type"": ""variable"", ""value"": ""isEditmode""}, ""operator"": ""=="", ""right_operand"": {""type"": ""hardcoded"", ""value"": false}}}, ""if_id"": ""if_10"", ""type"": ""ELSE""}"
step,"{""assign_to_variable_name"": null, ""class_name"": ""youmodule2"", ""method_name"": ""do_nothing"", ""module_name"": ""my_modules"", ""parameters_config"": {}, ""type"": ""step"", ""workflow_pos"": [5348, 5890]}"
IF_END,"{""condition_config"": {""block_name"": null, ""condition"": {""left_operand"": {""type"": ""variable"", ""value"": ""isEditmode""}, ""operator"": ""=="", ""right_operand"": {""type"": ""hardcoded"", ""value"": false}}}, ""if_id"": ""if_10"", ""type"": ""IF_END"", ""workflow_pos"": [5084, 6050]}"
step,"{""assign_to_variable_name"": ""isSPLHexist"", ""class_name"": ""Bot_utility"", ""method_name"": ""check_image_exits"", ""module_name"": ""Gui_Automate"", ""parameters_config"": {""image_to_click"": {""type"": ""hardcoded_file"", ""value"": ""SAP GUI/SAP_unblockBP_Pos_Nag_LReg_Y_SPLH""}, ""timeout"": {""type"": ""hardcoded"", ""value"": 5}}, ""type"": ""step"", ""workflow_pos"": [5084, 6170]}"
IF_START,"{""condition_config"": {""block_name"": null, ""condition"": {""left_operand"": {""type"": ""variable"", ""value"": ""isSPLHexist""}, ""operator"": ""=="", ""right_operand"": {""type"": ""hardcoded"", ""value"": true}}}, ""if_id"": ""if_18"", ""type"": ""IF_START"", ""workflow_pos"": [5084, 6290]}"
step,"{""assign_to_variable_name"": null, ""class_name"": ""Bot_utility"", ""method_name"": ""left_click_cross_2_images"", ""module_name"": ""Gui_Automate"", ""parameters_config"": {""confidence"": {""type"": ""hardcoded"", ""value"": 0.92}, ""image_to_click_x"": {""type"": ""hardcoded_file"", ""value"": ""SAP GUI/SAP_unblockBP_Block_header""}, ""image_to_click_y"": {""type"": ""hardcoded_file"", ""value"": ""SAP GUI/SAP_unblockBP_Pos_Nag_LReg_Y_SPLH""}, ""offset_x"": {""type"": ""hardcoded"", ""value"": 10}, ""offset_y"": {""type"": ""hardcoded"", ""value"": 5}}, ""type"": ""step"", ""workflow_pos"": [4754, 6410]}"
step,"{""assign_to_variable_name"": null, ""class_name"": ""Bot_utility"", ""method_name"": ""wait_second"", ""module_name"": ""Gui_Automate"", ""parameters_config"": {""value"": {""type"": ""variable"", ""value"": ""wait_const""}}, ""type"": ""step"", ""workflow_pos"": [4754, 6530]}"
step,"{""assign_to_variable_name"": null, ""class_name"": ""Keyboard"", ""method_name"": ""send_hotkey"", ""module_name"": ""Mouse_Key_Automate"", ""parameters_config"": {""hotkey"": {""type"": ""hardcoded"", ""value"": ""ctrl+c""}}, ""type"": ""step"", ""workflow_pos"": [4754, 6650]}"
step,"{""assign_to_variable_name"": ""isBocked"", ""class_name"": ""youmodule2"", ""method_name"": ""clipboard_value"", ""module_name"": ""my_modules"", ""parameters_config"": {}, ""type"": ""step"", ""workflow_pos"": [4754, 6770]}"
IF_START,"{""condition_config"": {""block_name"": null, ""condition"": {""left_operand"": {""type"": ""variable"", ""value"": ""isBocked""}, ""operator"": ""=="", ""right_operand"": {""type"": ""variable"", ""value"": ""block_const""}}}, ""if_id"": ""if_11"", ""type"": ""IF_START"", ""workflow_pos"": [4754, 6890]}"
step,"{""assign_to_variable_name"": null, ""class_name"": ""youmodule2"", ""method_name"": ""do_nothing"", ""module_name"": ""my_modules"", ""parameters_config"": {}, ""type"": ""step"", ""workflow_pos"": [4424, 7010]}"
ELSE,"{""condition_config"": {""block_name"": null, ""condition"": {""left_operand"": {""type"": ""variable"", ""value"": ""isBocked""}, ""operator"": ""=="", ""right_operand"": {""type"": ""variable"", ""value"": ""block_const""}}}, ""if_id"": ""if_11"", ""type"": ""ELSE""}"
step,"{""assign_to_variable_name"": null, ""class_name"": ""Bot_utility"", ""method_name"": ""left_click_cross_2_images"", ""module_name"": ""Gui_Automate"", ""parameters_config"": {""confidence"": {""type"": ""hardcoded"", ""value"": 0.92}, ""image_to_click_x"": {""type"": ""hardcoded_file"", ""value"": ""SAP GUI/SAP_unblockBP_Block_header""}, ""image_to_click_y"": {""type"": ""hardcoded_file"", ""value"": ""SAP GUI/SAP_unblockBP_Pos_Nag_LReg_Y_SPLH""}, ""offset_x"": {""type"": ""hardcoded"", ""value"": 0}, ""offset_y"": {""type"": ""hardcoded"", ""value"": 0}}, ""type"": ""step"", ""workflow_pos"": [5018, 7010]}"
IF_END,"{""condition_config"": {""block_name"": null, ""condition"": {""left_operand"": {""type"": ""variable"", ""value"": ""isBocked""}, ""operator"": ""=="", ""right_operand"": {""type"": ""variable"", ""value"": ""block_const""}}}, ""if_id"": ""if_11"", ""type"": ""IF_END"", ""workflow_pos"": [4754, 7170]}"
step,"{""assign_to_variable_name"": null, ""class_name"": ""Bot_utility"", ""method_name"": ""left_click_cross_2_images"", ""module_name"": ""Gui_Automate"", ""parameters_config"": {""confidence"": {""type"": ""hardcoded"", ""value"": 0.92}, ""image_to_click_x"": {""type"": ""hardcoded_file"", ""value"": ""SAP GUI/SAP_unblockBP_Pos_Nag_header""}, ""image_to_click_y"": {""type"": ""hardcoded_file"", ""value"": ""SAP GUI/SAP_unblockBP_Pos_Nag_LReg_Y_SPLH""}, ""offset_x"": {""type"": ""hardcoded"", ""value"": 0}, ""offset_y"": {""type"": ""hardcoded"", ""value"": 0}}, ""type"": ""step"", ""workflow_pos"": [4754, 7290]}"
step,"{""assign_to_variable_name"": null, ""class_name"": ""Keyboard"", ""method_name"": ""send_hotkey"", ""module_name"": ""Mouse_Key_Automate"", ""parameters_config"": {""hotkey"": {""type"": ""hardcoded"", ""value"": ""delete""}}, ""type"": ""step"", ""workflow_pos"": [4754, 7410]}"
step,"{""assign_to_variable_name"": null, ""class_name"": ""Bot_utility"", ""method_name"": ""wait_second"", ""module_name"": ""Gui_Automate"", ""parameters_config"": {""value"": {""type"": ""variable"", ""value"": ""wait_const""}}, ""type"": ""step"", ""workflow_pos"": [4754, 7530]}"
step,"{""assign_to_variable_name"": null, ""class_name"": ""Keyboard"", ""method_name"": ""send_text"", ""module_name"": ""Mouse_Key_Automate"", ""parameters_config"": {""text"": {""type"": ""hardcoded"", ""value"": 2}}, ""type"": ""step"", ""workflow_pos"": [4754, 7650]}"
step,"{""assign_to_variable_name"": ""BOT_status"", ""class_name"": ""change_variable_value"", ""method_name"": ""assign_value2variable"", ""module_name"": ""Variable_manipulation"", ""parameters_config"": {""value"": {""type"": ""hardcoded"", ""value"": ""BOT Blocked BP successful""}}, ""type"": ""step"", ""workflow_pos"": [4754, 7770]}"
step,"{""assign_to_variable_name"": null, ""class_name"": ""Bot_utility"", ""method_name"": ""wait_second"", ""module_name"": ""Gui_Automate"", ""parameters_config"": {""value"": {""type"": ""variable"", ""value"": ""wait_const""}}, ""type"": ""step"", ""workflow_pos"": [4754, 7890]}"
step,"{""assign_to_variable_name"": null, ""class_name"": ""Bot_utility"", ""method_name"": ""left_click"", ""module_name"": ""Gui_Automate"", ""parameters_config"": {""confidence"": {""type"": ""hardcoded"", ""value"": 0.92}, ""image_to_click"": {""type"": ""hardcoded_file"", ""value"": ""SAP GUI/SAP_unblockBP_accept_entries""}, ""offset_x"": {""type"": ""hardcoded"", ""value"": 0}, ""offset_y"": {""type"": ""hardcoded"", ""value"": 0}, ""stop_if_not_found"": {""type"": ""hardcoded"", ""value"": true}}, ""type"": ""step"", ""workflow_pos"": [4754, 8010]}"
step,"{""assign_to_variable_name"": ""isBlock_reason_show"", ""class_name"": ""Bot_utility"", ""method_name"": ""check_image_exits"", ""module_name"": ""Gui_Automate"", ""parameters_config"": {""image_to_click"": {""type"": ""hardcoded_file"", ""value"": ""SAP GUI/SAP_BP_block_reason_header""}, ""timeout"": {""type"": ""hardcoded"", ""value"": 5}}, ""type"": ""step"", ""workflow_pos"": [4754, 8130]}"
IF_START,"{""condition_config"": {""block_name"": null, ""condition"": {""left_operand"": {""type"": ""variable"", ""value"": ""isBlock_reason_show""}, ""operator"": ""=="", ""right_operand"": {""type"": ""hardcoded"", ""value"": true}}}, ""if_id"": ""if_12"", ""type"": ""IF_START"", ""workflow_pos"": [4754, 8250]}"
step,"{""assign_to_variable_name"": null, ""class_name"": ""Bot_utility"", ""method_name"": ""left_click"", ""module_name"": ""Gui_Automate"", ""parameters_config"": {""confidence"": {""type"": ""hardcoded"", ""value"": 0.92}, ""image_to_click"": {""type"": ""hardcoded_file"", ""value"": ""SAP GUI/SAP_BP_block_reason_header""}, ""offset_x"": {""type"": ""hardcoded"", ""value"": 0}, ""offset_y"": {""type"": ""hardcoded"", ""value"": 100}, ""stop_if_not_found"": {""type"": ""hardcoded"", ""value"": false}}, ""type"": ""step"", ""workflow_pos"": [4424, 8370]}"
step,"{""assign_to_variable_name"": null, ""class_name"": ""Bot_utility"", ""method_name"": ""wait_second"", ""module_name"": ""Gui_Automate"", ""parameters_config"": {""value"": {""type"": ""variable"", ""value"": ""wait_const""}}, ""type"": ""step"", ""workflow_pos"": [4424, 8490]}"
step,"{""assign_to_variable_name"": null, ""class_name"": ""Keyboard"", ""method_name"": ""send_text"", ""module_name"": ""Mouse_Key_Automate"", ""parameters_config"": {""text"": {""type"": ""hardcoded"", ""value"": ""BOT Blocking""}}, ""type"": ""step"", ""workflow_pos"": [4424, 8610]}"
step,"{""assign_to_variable_name"": null, ""class_name"": ""Bot_utility"", ""method_name"": ""wait_second"", ""module_name"": ""Gui_Automate"", ""parameters_config"": {""value"": {""type"": ""variable"", ""value"": ""wait_const""}}, ""type"": ""step"", ""workflow_pos"": [4424, 8730]}"
step,"{""assign_to_variable_name"": null, ""class_name"": ""Bot_utility"", ""method_name"": ""left_click"", ""module_name"": ""Gui_Automate"", ""parameters_config"": {""confidence"": {""type"": ""hardcoded"", ""value"": 0.92}, ""image_to_click"": {""type"": ""hardcoded_file"", ""value"": ""SAP GUI/SAP_BP_block_reason_check_icon""}, ""offset_x"": {""type"": ""hardcoded"", ""value"": 0}, ""offset_y"": {""type"": ""hardcoded"", ""value"": 0}, ""stop_if_not_found"": {""type"": ""hardcoded"", ""value"": false}}, ""type"": ""step"", ""workflow_pos"": [4424, 8850]}"
step,"{""assign_to_variable_name"": null, ""class_name"": ""Bot_utility"", ""method_name"": ""wait_second"", ""module_name"": ""Gui_Automate"", ""parameters_config"": {""value"": {""type"": ""hardcoded"", ""value"": 3}}, ""type"": ""step"", ""workflow_pos"": [4424, 8970]}"
ELSE,"{""condition_config"": {""block_name"": null, ""condition"": {""left_operand"": {""type"": ""variable"", ""value"": ""isBlock_reason_show""}, ""operator"": ""=="", ""right_operand"": {""type"": ""hardcoded"", ""value"": true}}}, ""if_id"": ""if_12"", ""type"": ""ELSE""}"
step,"{""assign_to_variable_name"": null, ""class_name"": ""youmodule2"", ""method_name"": ""do_nothing"", ""module_name"": ""my_modules"", ""parameters_config"": {}, ""type"": ""step"", ""workflow_pos"": [5018, 8370]}"
IF_END,"{""condition_config"": {""block_name"": null, ""condition"": {""left_operand"": {""type"": ""variable"", ""value"": ""isBlock_reason_show""}, ""operator"": ""=="", ""right_operand"": {""type"": ""hardcoded"", ""value"": true}}}, ""if_id"": ""if_12"", ""type"": ""IF_END"", ""workflow_pos"": [4754, 9130]}"
step,"{""assign_to_variable_name"": ""save_loop"", ""class_name"": ""change_variable_value"", ""method_name"": ""assign_value2variable"", ""module_name"": ""Variable_manipulation"", ""parameters_config"": {""value"": {""type"": ""hardcoded"", ""value"": 5}}, ""type"": ""step"", ""workflow_pos"": [4754, 9250]}"
loop_start,"{""loop_config"": {""assign_iteration_to_variable"": null, ""iteration_count_config"": {""type"": ""variable"", ""value"": ""save_loop""}, ""loop_name"": null}, ""loop_id"": ""loop_2"", ""type"": ""loop_start"", ""workflow_pos"": [4754, 9370]}"
step,"{""assign_to_variable_name"": null, ""class_name"": ""Bot_utility"", ""method_name"": ""left_click"", ""module_name"": ""Gui_Automate"", ""parameters_config"": {""confidence"": {""type"": ""hardcoded"", ""value"": 0.92}, ""image_to_click"": {""type"": ""hardcoded_file"", ""value"": ""SAP GUI/SAP_unblockBP_save""}, ""offset_x"": {""type"": ""hardcoded"", ""value"": 0}, ""offset_y"": {""type"": ""hardcoded"", ""value"": 0}, ""stop_if_not_found"": {""type"": ""hardcoded"", ""value"": true}}, ""type"": ""step"", ""workflow_pos"": [4688, 9490]}"
step,"{""assign_to_variable_name"": null, ""class_name"": ""Keyboard"", ""method_name"": ""moveMouse"", ""module_name"": ""Mouse_Key_Automate"", ""parameters_config"": {""x"": {""type"": ""hardcoded"", ""value"": 50}, ""y"": {""type"": ""hardcoded"", ""value"": 50}}, ""type"": ""step"", ""workflow_pos"": [4688, 9610]}"
step,"{""assign_to_variable_name"": ""isSaved"", ""class_name"": ""Bot_utility"", ""method_name"": ""check_image_exits"", ""module_name"": ""Gui_Automate"", ""parameters_config"": {""image_to_click"": {""type"": ""hardcoded_file"", ""value"": ""SAP GUI/SAP_unblockBP_saved""}, ""timeout"": {""type"": ""hardcoded"", ""value"": 5}}, ""type"": ""step"", ""workflow_pos"": [4688, 9730]}"
IF_START,"{""condition_config"": {""block_name"": null, ""condition"": {""left_operand"": {""type"": ""variable"", ""value"": ""isSaved""}, ""operator"": ""=="", ""right_operand"": {""type"": ""hardcoded"", ""value"": true}}}, ""if_id"": ""if_13"", ""type"": ""IF_START"", ""workflow_pos"": [4688, 9850]}"
step,"{""assign_to_variable_name"": ""BOT_status"", ""class_name"": ""change_variable_value"", ""method_name"": ""assign_value2variable"", ""module_name"": ""Variable_manipulation"", ""parameters_config"": {""value"": {""type"": ""hardcoded"", ""value"": ""BP is already Blocked""}}, ""type"": ""step"", ""workflow_pos"": [4358, 9970]}"
step,"{""assign_to_variable_name"": ""save_loop"", ""class_name"": ""change_variable_value"", ""method_name"": ""assign_value2variable"", ""module_name"": ""Variable_manipulation"", ""parameters_config"": {""value"": {""type"": ""hardcoded"", ""value"": 0}}, ""type"": ""step"", ""workflow_pos"": [4358, 10090]}"
ELSE,"{""condition_config"": {""block_name"": null, ""condition"": {""left_operand"": {""type"": ""variable"", ""value"": ""isSaved""}, ""operator"": ""=="", ""right_operand"": {""type"": ""hardcoded"", ""value"": true}}}, ""if_id"": ""if_13"", ""type"": ""ELSE""}"
step,"{""assign_to_variable_name"": ""isDisplaylog"", ""class_name"": ""Bot_utility"", ""method_name"": ""check_win_title_exits"", ""module_name"": ""Gui_Automate"", ""parameters_config"": {""timeout"": {""type"": ""hardcoded"", ""value"": 3}, ""title"": {""type"": ""hardcoded"", ""value"": ""Display logs""}}, ""type"": ""step"", ""workflow_pos"": [4952, 9970]}"
IF_START,"{""condition_config"": {""block_name"": null, ""condition"": {""left_operand"": {""type"": ""variable"", ""value"": ""isDisplaylog""}, ""operator"": ""=="", ""right_operand"": {""type"": ""hardcoded"", ""value"": true}}}, ""if_id"": ""if_17"", ""type"": ""IF_START"", ""workflow_pos"": [4952, 10090]}"
step,"{""assign_to_variable_name"": null, ""class_name"": ""Bot_utility"", ""method_name"": ""left_click"", ""module_name"": ""Gui_Automate"", ""parameters_config"": {""confidence"": {""type"": ""hardcoded"", ""value"": 0.92}, ""image_to_click"": {""type"": ""hardcoded_file"", ""value"": ""SAP GUI/SAP_x_icon""}, ""offset_x"": {""type"": ""hardcoded"", ""value"": 0}, ""offset_y"": {""type"": ""hardcoded"", ""value"": 0}}, ""type"": ""step"", ""workflow_pos"": [4886, 10210]}"
ELSE,"{""condition_config"": {""block_name"": null, ""condition"": {""left_operand"": {""type"": ""variable"", ""value"": ""isDisplaylog""}, ""operator"": ""=="", ""right_operand"": {""type"": ""hardcoded"", ""value"": true}}}, ""if_id"": ""if_17"", ""type"": ""ELSE""}"
IF_END,"{""condition_config"": {""block_name"": null, ""condition"": {""left_operand"": {""type"": ""variable"", ""value"": ""isDisplaylog""}, ""operator"": ""=="", ""right_operand"": {""type"": ""hardcoded"", ""value"": true}}}, ""if_id"": ""if_17"", ""type"": ""IF_END"", ""workflow_pos"": [4952, 10370]}"
step,"{""assign_to_variable_name"": ""BOT_status"", ""class_name"": ""change_variable_value"", ""method_name"": ""assign_value2variable"", ""module_name"": ""Variable_manipulation"", ""parameters_config"": {""value"": {""type"": ""hardcoded"", ""value"": ""BOT can not save""}}, ""type"": ""step"", ""workflow_pos"": [4952, 10490]}"
step,"{""assign_to_variable_name"": ""isnochange"", ""class_name"": ""Bot_utility"", ""method_name"": ""check_image_exits"", ""module_name"": ""Gui_Automate"", ""parameters_config"": {""image_to_click"": {""type"": ""hardcoded_file"", ""value"": ""SAP GUI/SAP_block_BP_nochange""}, ""timeout"": {""type"": ""hardcoded"", ""value"": 5}}, ""type"": ""step"", ""workflow_pos"": [4952, 10610]}"
IF_START,"{""condition_config"": {""block_name"": null, ""condition"": {""left_operand"": {""type"": ""variable"", ""value"": ""isnochange""}, ""operator"": ""=="", ""right_operand"": {""type"": ""hardcoded"", ""value"": true}}}, ""if_id"": ""if_14"", ""type"": ""IF_START"", ""workflow_pos"": [4952, 10730]}"
step,"{""assign_to_variable_name"": ""save_loop"", ""class_name"": ""change_variable_value"", ""method_name"": ""assign_value2variable"", ""module_name"": ""Variable_manipulation"", ""parameters_config"": {""value"": {""type"": ""hardcoded"", ""value"": 0}}, ""type"": ""step"", ""workflow_pos"": [4886, 10850]}"
ELSE,"{""condition_config"": {""block_name"": null, ""condition"": {""left_operand"": {""type"": ""variable"", ""value"": ""isnochange""}, ""operator"": ""=="", ""right_operand"": {""type"": ""hardcoded"", ""value"": true}}}, ""if_id"": ""if_14"", ""type"": ""ELSE""}"
IF_END,"{""condition_config"": {""block_name"": null, ""condition"": {""left_operand"": {""type"": ""variable"", ""value"": ""isnochange""}, ""operator"": ""=="", ""right_operand"": {""type"": ""hardcoded"", ""value"": true}}}, ""if_id"": ""if_14"", ""type"": ""IF_END"", ""workflow_pos"": [4952, 11010]}"
IF_END,"{""condition_config"": {""block_name"": null, ""condition"": {""left_operand"": {""type"": ""variable"", ""value"": ""isSaved""}, ""operator"": ""=="", ""right_operand"": {""type"": ""hardcoded"", ""value"": true}}}, ""if_id"": ""if_13"", ""type"": ""IF_END"", ""workflow_pos"": [4688, 11170]}"
loop_end,"{""loop_config"": {""assign_iteration_to_variable"": null, ""iteration_count_config"": {""type"": ""variable"", ""value"": ""save_loop""}, ""loop_name"": null}, ""loop_id"": ""loop_2"", ""type"": ""loop_end"", ""workflow_pos"": [4754, 11330]}"
step,"{""assign_to_variable_name"": null, ""class_name"": ""Bot_utility"", ""method_name"": ""left_click"", ""module_name"": ""Gui_Automate"", ""parameters_config"": {""confidence"": {""type"": ""hardcoded"", ""value"": 0.92}, ""image_to_click"": {""type"": ""hardcoded_file"", ""value"": ""SAP GUI/SAP_BP_address""}, ""offset_x"": {""type"": ""hardcoded"", ""value"": 0}, ""offset_y"": {""type"": ""hardcoded"", ""value"": 0}, ""stop_if_not_found"": {""type"": ""hardcoded"", ""value"": true}}, ""type"": ""step"", ""workflow_pos"": [4754, 11450]}"
ELSE,"{""condition_config"": {""block_name"": null, ""condition"": {""left_operand"": {""type"": ""variable"", ""value"": ""isSPLHexist""}, ""operator"": ""=="", ""right_operand"": {""type"": ""hardcoded"", ""value"": true}}}, ""if_id"": ""if_18"", ""type"": ""ELSE""}"
step,"{""assign_to_variable_name"": ""BOT_status"", ""class_name"": ""change_variable_value"", ""method_name"": ""assign_value2variable"", ""module_name"": ""Variable_manipulation"", ""parameters_config"": {""value"": {""type"": ""hardcoded"", ""value"": ""SPLH does not exist""}}, ""type"": ""step"", ""workflow_pos"": [5348, 6410]}"
IF_END,"{""condition_config"": {""block_name"": null, ""condition"": {""left_operand"": {""type"": ""variable"", ""value"": ""isSPLHexist""}, ""operator"": ""=="", ""right_operand"": {""type"": ""hardcoded"", ""value"": true}}}, ""if_id"": ""if_18"", ""type"": ""IF_END"", ""workflow_pos"": [5084, 11610]}"
ELSE,"{""condition_config"": {""block_name"": null, ""condition"": {""left_operand"": {""type"": ""variable"", ""value"": ""isBP_not_Exist""}, ""operator"": ""is not"", ""right_operand"": {""type"": ""hardcoded"", ""value"": true}}}, ""if_id"": ""if_9"", ""type"": ""ELSE""}"
step,"{""assign_to_variable_name"": ""BOT_status"", ""class_name"": ""change_variable_value"", ""method_name"": ""assign_value2variable"", ""module_name"": ""Variable_manipulation"", ""parameters_config"": {""value"": {""type"": ""hardcoded"", ""value"": ""BP does not exist""}}, ""type"": ""step"", ""workflow_pos"": [5678, 5410]}"
IF_END,"{""condition_config"": {""block_name"": null, ""condition"": {""left_operand"": {""type"": ""variable"", ""value"": ""isBP_not_Exist""}, ""operator"": ""is not"", ""right_operand"": {""type"": ""hardcoded"", ""value"": true}}}, ""if_id"": ""if_9"", ""type"": ""IF_END"", ""workflow_pos"": [5414, 11770]}"
ELSE,"{""condition_config"": {""block_name"": ""IF isOpen_BP"", ""condition"": {""left_operand"": {""type"": ""variable"", ""value"": ""isOpen_BP_exist""}, ""operator"": ""=="", ""right_operand"": {""type"": ""hardcoded"", ""value"": true}}}, ""if_id"": ""if_6"", ""type"": ""ELSE""}"
step,"{""assign_to_variable_name"": ""BOT_status"", ""class_name"": ""change_variable_value"", ""method_name"": ""assign_value2variable"", ""module_name"": ""Variable_manipulation"", ""parameters_config"": {""value"": {""type"": ""hardcoded"", ""value"": ""Can not open BP""}}, ""type"": ""step"", ""workflow_pos"": [6008, 1490]}"
IF_END,"{""condition_config"": {""block_name"": ""IF isOpen_BP"", ""condition"": {""left_operand"": {""type"": ""variable"", ""value"": ""isOpen_BP_exist""}, ""operator"": ""=="", ""right_operand"": {""type"": ""hardcoded"", ""value"": true}}}, ""if_id"": ""if_6"", ""type"": ""IF_END"", ""workflow_pos"": [5744, 11930]}"
step,"{""assign_to_variable_name"": null, ""class_name"": ""handle_excel"", ""method_name"": ""write_excel_cells"", ""module_name"": ""File_ReadWrite"", ""parameters_config"": {""col"": {""type"": ""hardcoded"", ""value"": ""D""}, ""row"": {""type"": ""variable"", ""value"": ""iterate_loop""}, ""value"": {""type"": ""variable"", ""value"": ""BOT_status""}, ""workbook"": {""type"": ""variable"", ""value"": ""workbook""}}, ""type"": ""step"", ""workflow_pos"": [5744, 12050]}"
step,"{""assign_to_variable_name"": null, ""class_name"": ""handle_excel"", ""method_name"": ""save_excel"", ""module_name"": ""File_ReadWrite"", ""parameters_config"": {""file_name"": {""type"": ""variable"", ""value"": ""excel_link""}, ""workbook"": {""type"": ""variable"", ""value"": ""workbook""}}, ""type"": ""step"", ""workflow_pos"": [5744, 12170]}"
ELSE,"{""condition_config"": {""block_name"": null, ""condition"": {""left_operand"": {""type"": ""variable"", ""value"": ""wb_status_column""}, ""operator"": ""is"", ""right_operand"": {""type"": ""hardcoded"", ""value"": null}}}, ""if_id"": ""if_1"", ""type"": ""ELSE""}"
step,"{""assign_to_variable_name"": null, ""class_name"": ""youmodule2"", ""method_name"": ""do_nothing"", ""module_name"": ""my_modules"", ""parameters_config"": {}, ""type"": ""step"", ""workflow_pos"": [6338, 1010]}"
IF_END,"{""condition_config"": {""block_name"": null, ""condition"": {""left_operand"": {""type"": ""variable"", ""value"": ""wb_status_column""}, ""operator"": ""is"", ""right_operand"": {""type"": ""hardcoded"", ""value"": null}}}, ""if_id"": ""if_1"", ""type"": ""IF_END"", ""workflow_pos"": [6074, 12330]}"
step,"{""assign_to_variable_name"": null, ""class_name"": ""youmodule2"", ""method_name"": ""do_nothing"", ""module_name"": ""my_modules"", ""parameters_config"": {}, ""type"": ""step"", ""workflow_pos"": [6074, 12450]}"
loop_end,"{""loop_config"": {""assign_iteration_to_variable"": ""iterate_loop"", ""iteration_count_config"": {""type"": ""variable"", ""value"": ""total_len_wb""}, ""loop_name"": ""loop_workbook""}, ""loop_id"": ""loop_1"", ""type"": ""loop_end"", ""workflow_pos"": [6140, 12610]}"
