{
    "added_steps_data": [
        {
            "assign_to_variable_name": "_workbook",
            "class_name": "handle_excel",
            "method_name": "read_excel",
            "module_name": "File_ReadWrite",
            "parameters_config": {
                "file_link": {
                    "type": "variable",
                    "value": "excel_link"
                },
                "sheet_name": {
                    "type": "hardcoded",
                    "value": null
                }
            },
            "type": "step",
            "workflow_pos": [
                1300,
                50
            ]
        },
        {
            "assign_to_variable_name": "_total_line",
            "class_name": "handle_excel",
            "method_name": "count_non_empty_rows_in_column",
            "module_name": "File_ReadWrite",
            "parameters_config": {
                "column_identifier": {
                    "type": "hardcoded",
                    "value": "D"
                },
                "workbook": {
                    "type": "variable",
                    "value": "_workbook"
                }
            },
            "type": "step",
            "workflow_pos": [
                1300,
                170
            ]
        },
        {
            "assign_to_variable_name": "last_run_row",
            "class_name": "handle_excel",
            "method_name": "count_non_empty_rows_in_column",
            "module_name": "File_ReadWrite",
            "parameters_config": {
                "column_identifier": {
                    "type": "variable",
                    "value": "col_price"
                },
                "workbook": {
                    "type": "variable",
                    "value": "_workbook"
                }
            },
            "type": "step",
            "workflow_pos": [
                1300,
                290
            ]
        },
        {
            "loop_config": {
                "assign_iteration_to_variable": "_interate",
                "iteration_count_config": {
                    "type": "hardcoded",
                    "value": 2
                },
                "loop_name": null
            },
            "loop_id": "loop_1",
            "type": "loop_start",
            "workflow_pos": [
                1300,
                410
            ]
        },
        {
            "assign_to_variable_name": "_row",
            "class_name": "change_variable_value",
            "method_name": "math_add_variable",
            "module_name": "Variable_manipulation",
            "parameters_config": {
                "var1": {
                    "type": "variable",
                    "value": "_interate"
                },
                "var2": {
                    "type": "variable",
                    "value": "last_run_row"
                }
            },
            "type": "step",
            "workflow_pos": [
                1234,
                530
            ]
        },
        {
            "assign_to_variable_name": "cells_price_value",
            "class_name": "handle_excel",
            "method_name": "read_excel_cells",
            "module_name": "File_ReadWrite",
            "parameters_config": {
                "col": {
                    "type": "variable",
                    "value": "col_price"
                },
                "row": {
                    "type": "variable",
                    "value": "_row"
                },
                "workbook": {
                    "type": "variable",
                    "value": "_workbook"
                }
            },
            "type": "step",
            "workflow_pos": [
                1234,
                650
            ]
        },
        {
            "condition_config": {
                "block_name": null,
                "condition": {
                    "left_operand": {
                        "type": "variable",
                        "value": "cells_price_value"
                    },
                    "operator": "==",
                    "right_operand": {
                        "type": "hardcoded",
                        "value": null
                    }
                }
            },
            "if_id": "if_4",
            "type": "IF_START",
            "workflow_pos": [
                1234,
                770
            ]
        },
        {
            "assign_to_variable_name": "stt",
            "class_name": "handle_excel",
            "method_name": "read_excel_cells",
            "module_name": "File_ReadWrite",
            "parameters_config": {
                "col": {
                    "type": "hardcoded",
                    "value": "A"
                },
                "row": {
                    "type": "variable",
                    "value": "_row"
                },
                "workbook": {
                    "type": "variable",
                    "value": "_workbook"
                }
            },
            "type": "step",
            "workflow_pos": [
                904,
                890
            ]
        },
        {
            "assign_to_variable_name": "_product_search",
            "class_name": "handle_excel",
            "method_name": "read_excel_cells",
            "module_name": "File_ReadWrite",
            "parameters_config": {
                "col": {
                    "type": "hardcoded",
                    "value": "E"
                },
                "row": {
                    "type": "variable",
                    "value": "_row"
                },
                "workbook": {
                    "type": "variable",
                    "value": "_workbook"
                }
            },
            "type": "step",
            "workflow_pos": [
                904,
                1010
            ]
        },
        {
            "assign_to_variable_name": "df_search",
            "class_name": "Google_cloud",
            "method_name": "search_google",
            "module_name": "Google_cloud",
            "parameters_config": {
                "api_key": {
                    "type": "hardcoded",
                    "value": "AIzaSyDcI4Dya15MwEeprPsM28PHbKq_eBZwzB8"
                },
                "product_name": {
                    "type": "variable",
                    "value": "_product_search"
                },
                "proxy_config": {
                    "type": "hardcoded",
                    "value": ""
                },
                "search_engine_id": {
                    "type": "hardcoded",
                    "value": "024aceea33b694611"
                }
            },
            "type": "step",
            "workflow_pos": [
                904,
                1130
            ]
        },
        {
            "assign_to_variable_name": null,
            "class_name": "Code_Executor",
            "custom_config_method": "configure_data_hub",
            "method_name": "_execute_python_code",
            "module_name": "Script",
            "parameters_config": {
                "config_data": {
                    "type": "hardcoded",
                    "value": {
                        "code_string": "import pandas as pd\n\ndf = context.get_variable('df_search')\ndf_filter = df[df['link'].str.contains('cellphones')].copy()\n#df_filter = df[df['link'].str.contains('dienmayxanh')|df['link'].str.contains('thegioididong')].copy()\nif len(df_filter)>0:\n\turl = df_filter['link'].values[0]\nelse:\n\turl =''\n\ncontext.set_variable('url', url)",
                        "imported_module_path": null
                    }
                }
            },
            "type": "step",
            "workflow_pos": [
                904,
                1250
            ]
        },
        {
            "condition_config": {
                "block_name": null,
                "condition": {
                    "left_operand": {
                        "type": "variable",
                        "value": "url"
                    },
                    "operator": "is not",
                    "right_operand": {
                        "type": "hardcoded",
                        "value": ""
                    }
                }
            },
            "if_id": "if_5",
            "type": "IF_START",
            "workflow_pos": [
                904,
                1370
            ]
        },
        {
            "assign_to_variable_name": "_webdriver",
            "class_name": "Chrome_selenium",
            "method_name": "connect_chrome",
            "module_name": "Chrome_selenium",
            "parameters_config": {
                "chrome_driver_link": {
                    "type": "variable",
                    "value": "Chrome_link"
                },
                "url": {
                    "type": "variable",
                    "value": "url"
                }
            },
            "type": "step",
            "workflow_pos": [
                574,
                1490
            ]
        },
        {
            "assign_to_variable_name": null,
            "class_name": "Code_Executor",
            "custom_config_method": "configure_data_hub",
            "method_name": "_execute_python_code",
            "module_name": "Script",
            "parameters_config": {
                "config_data": {
                    "type": "hardcoded",
                    "value": {
                        "code_string": "file_name = context.get_variable('stt')\nfoler_link = context.get_variable('screenshot_folder_link')\nfile_name = foler_link +'\\\\dmx_' + file_name +'.png'\ncontext.set_variable('_screenshot_file_name', file_name)\n",
                        "imported_module_path": null
                    }
                }
            },
            "type": "step",
            "workflow_pos": [
                574,
                1610
            ]
        },
        {
            "assign_to_variable_name": "isTakescreenshot",
            "class_name": "Chrome_TGDD",
            "method_name": "take_screenshot",
            "module_name": "Chrome_selenium",
            "parameters_config": {
                "driver": {
                    "type": "variable",
                    "value": "_webdriver"
                },
                "file_link": {
                    "type": "variable",
                    "value": "_screenshot_file_name"
                }
            },
            "type": "step",
            "workflow_pos": [
                574,
                1730
            ]
        },
        {
            "condition_config": {
                "block_name": null,
                "condition": {
                    "left_operand": {
                        "type": "variable",
                        "value": "isTakescreenshot"
                    },
                    "operator": "==",
                    "right_operand": {
                        "type": "hardcoded",
                        "value": true
                    }
                }
            },
            "if_id": "if_3",
            "type": "IF_START",
            "workflow_pos": [
                574,
                1850
            ]
        },
        {
            "assign_to_variable_name": null,
            "class_name": "Code_Executor",
            "custom_config_method": "configure_data_hub",
            "method_name": "_execute_python_code",
            "module_name": "Script",
            "parameters_config": {
                "config_data": {
                    "type": "hardcoded",
                    "value": {
                        "code_string": "text = context.get_variable('_screenshot_file_name')\n\nhyperlink = f'''=HYPERLINK(\"{text}\")'''\ncontext.set_variable('hyper_link', hyperlink)",
                        "imported_module_path": null
                    }
                }
            },
            "type": "step",
            "workflow_pos": [
                244,
                1970
            ]
        },
        {
            "assign_to_variable_name": null,
            "class_name": "handle_excel",
            "method_name": "write_excel_cells",
            "module_name": "File_ReadWrite",
            "parameters_config": {
                "col": {
                    "type": "variable",
                    "value": "col_screenshot"
                },
                "row": {
                    "type": "variable",
                    "value": "_row"
                },
                "value": {
                    "type": "variable",
                    "value": "hyper_link"
                },
                "workbook": {
                    "type": "variable",
                    "value": "_workbook"
                }
            },
            "type": "step",
            "workflow_pos": [
                244,
                2090
            ]
        },
        {
            "condition_config": {
                "block_name": null,
                "condition": {
                    "left_operand": {
                        "type": "variable",
                        "value": "isTakescreenshot"
                    },
                    "operator": "==",
                    "right_operand": {
                        "type": "hardcoded",
                        "value": true
                    }
                }
            },
            "if_id": "if_3",
            "type": "ELSE"
        },
        {
            "assign_to_variable_name": null,
            "class_name": "Bot_Flow_Control",
            "method_name": "stop_workflow",
            "module_name": "Bot_GUI_Control",
            "parameters_config": {},
            "type": "step",
            "workflow_pos": [
                838,
                1970
            ]
        },
        {
            "condition_config": {
                "block_name": null,
                "condition": {
                    "left_operand": {
                        "type": "variable",
                        "value": "isTakescreenshot"
                    },
                    "operator": "==",
                    "right_operand": {
                        "type": "hardcoded",
                        "value": true
                    }
                }
            },
            "if_id": "if_3",
            "type": "IF_END",
            "workflow_pos": [
                574,
                2250
            ]
        },
        {
            "group_id": "group_1",
            "group_name": "Gemini",
            "type": "group_start",
            "workflow_pos": [
                574,
                2370
            ]
        },
        {
            "assign_to_variable_name": "gemini_result_df",
            "class_name": "Gemini_API",
            "custom_config_method": "configure_data_hub",
            "method_name": "_call_gemini_api",
            "module_name": "Gemini_API",
            "parameters_config": {
                "config_data": {
                    "type": "hardcoded",
                    "value": {
                        "api_key_source": "hardcode",
                        "api_key_value": "AIzaSyBu579165KOYinyon8iG94CQzMHUglnl4c",
                        "file_path_value": "D:/python/TGDD/TGGD_screenshot/cellphones_GGAPI3.png",
                        "file_source": "hardcode",
                        "prompt_source": "hardcode",
                        "prompt_value": "give me product price and product description in json format like this \"\"\"\n{\n  \"product_name\": \"Smart Tivi Neo QLED 8K 65 inch Samsung QA65QN900A\",\n  \"price\": \"45.590.000\u20ab\"\n  \"status\": \"S\u1ea2N PH\u1ea8M NG\u1eeaNG KINH DOANH\"\n}\n\"\"\""
                    }
                }
            },
            "type": "step"
        },
        {
            "group_id": "group_1",
            "group_name": "Gemini",
            "type": "group_end"
        },
        {
            "assign_to_variable_name": "_json_gemini",
            "class_name": "DataFrame",
            "method_name": "read_cell",
            "module_name": "Pandas Lib",
            "parameters_config": {
                "col_idx": {
                    "type": "hardcoded",
                    "value": 0
                },
                "df": {
                    "type": "variable",
                    "value": "gemini_result_df"
                },
                "row_idx": {
                    "type": "hardcoded",
                    "value": 0
                }
            },
            "type": "step",
            "workflow_pos": [
                574,
                2490
            ]
        },
        {
            "assign_to_variable_name": null,
            "class_name": "Code_Executor",
            "custom_config_method": "configure_data_hub",
            "method_name": "_execute_python_code",
            "module_name": "Script",
            "parameters_config": {
                "config_data": {
                    "type": "hardcoded",
                    "value": {
                        "code_string": "import pandas as pd\nimport json\n\ntext =context.get_variable('_json_gemini')\ntext = text.replace(\"```\",\"\").replace(\"json\",\"\")\ndata = json.loads(text)\ndf = pd.DataFrame([data])\nif len(df)>0:\n\tprice = df['price'].values[0]\nelse:\n\tprice = 'not found'\n\ncontext.set_variable('product_price', price)\n",
                        "imported_module_path": null
                    }
                }
            },
            "type": "step",
            "workflow_pos": [
                574,
                2610
            ]
        },
        {
            "assign_to_variable_name": null,
            "class_name": "Code_Executor",
            "custom_config_method": "configure_data_hub",
            "method_name": "_execute_python_code",
            "module_name": "Script",
            "parameters_config": {
                "config_data": {
                    "type": "hardcoded",
                    "value": {
                        "code_string": "import pandas as pd\nimport json\n\ntext =context.get_variable('_json_gemini')\ntext = text.replace(\"```\",\"\").replace(\"json\",\"\")\ndata = json.loads(text)\ndf = pd.DataFrame([data])\nif len(df)>0:\n\tprd_name = df['product_name'].values[0]\nelse:\n\tprd_name = 'not found'\n\ncontext.set_variable('product_description', prd_name)\n",
                        "imported_module_path": null
                    }
                }
            },
            "type": "step",
            "workflow_pos": [
                574,
                2730
            ]
        },
        {
            "assign_to_variable_name": null,
            "class_name": "handle_excel",
            "method_name": "write_excel_cells",
            "module_name": "File_ReadWrite",
            "parameters_config": {
                "col": {
                    "type": "variable",
                    "value": "col_price"
                },
                "row": {
                    "type": "variable",
                    "value": "_row"
                },
                "value": {
                    "type": "variable",
                    "value": "product_price"
                },
                "workbook": {
                    "type": "variable",
                    "value": "_workbook"
                }
            },
            "type": "step",
            "workflow_pos": [
                574,
                2850
            ]
        },
        {
            "assign_to_variable_name": null,
            "class_name": "handle_excel",
            "method_name": "write_excel_cells",
            "module_name": "File_ReadWrite",
            "parameters_config": {
                "col": {
                    "type": "variable",
                    "value": "col_des"
                },
                "row": {
                    "type": "variable",
                    "value": "_row"
                },
                "value": {
                    "type": "variable",
                    "value": "product_description"
                },
                "workbook": {
                    "type": "variable",
                    "value": "_workbook"
                }
            },
            "type": "step",
            "workflow_pos": [
                574,
                2970
            ]
        },
        {
            "assign_to_variable_name": null,
            "class_name": "handle_excel",
            "method_name": "write_excel_cells",
            "module_name": "File_ReadWrite",
            "parameters_config": {
                "col": {
                    "type": "variable",
                    "value": "col_link"
                },
                "row": {
                    "type": "variable",
                    "value": "_row"
                },
                "value": {
                    "type": "variable",
                    "value": "url"
                },
                "workbook": {
                    "type": "variable",
                    "value": "_workbook"
                }
            },
            "type": "step",
            "workflow_pos": [
                574,
                3090
            ]
        },
        {
            "assign_to_variable_name": null,
            "class_name": "Chrome_selenium",
            "method_name": "close_driver",
            "module_name": "Chrome_selenium",
            "parameters_config": {
                "driver": {
                    "type": "variable",
                    "value": "_webdriver"
                }
            },
            "type": "step",
            "workflow_pos": [
                574,
                3210
            ]
        },
        {
            "condition_config": {
                "block_name": null,
                "condition": {
                    "left_operand": {
                        "type": "variable",
                        "value": "url"
                    },
                    "operator": "is not",
                    "right_operand": {
                        "type": "hardcoded",
                        "value": ""
                    }
                }
            },
            "if_id": "if_5",
            "type": "ELSE"
        },
        {
            "assign_to_variable_name": null,
            "class_name": "Bot_Flow_Control",
            "method_name": "do_nothing",
            "module_name": "Bot_GUI_Control",
            "parameters_config": {},
            "type": "step",
            "workflow_pos": [
                1168,
                1490
            ]
        },
        {
            "assign_to_variable_name": null,
            "class_name": "handle_excel",
            "method_name": "write_excel_cells",
            "module_name": "File_ReadWrite",
            "parameters_config": {
                "col": {
                    "type": "variable",
                    "value": "col_price"
                },
                "row": {
                    "type": "variable",
                    "value": "_row"
                },
                "value": {
                    "type": "hardcoded",
                    "value": "Search not found DMX or TGGD"
                },
                "workbook": {
                    "type": "variable",
                    "value": "_workbook"
                }
            },
            "type": "step",
            "workflow_pos": [
                1168,
                1610
            ]
        },
        {
            "condition_config": {
                "block_name": null,
                "condition": {
                    "left_operand": {
                        "type": "variable",
                        "value": "url"
                    },
                    "operator": "is not",
                    "right_operand": {
                        "type": "hardcoded",
                        "value": ""
                    }
                }
            },
            "if_id": "if_5",
            "type": "IF_END",
            "workflow_pos": [
                904,
                3370
            ]
        },
        {
            "assign_to_variable_name": null,
            "class_name": "handle_excel",
            "method_name": "save_excel",
            "module_name": "File_ReadWrite",
            "parameters_config": {
                "file_name": {
                    "type": "variable",
                    "value": "excel_link"
                },
                "workbook": {
                    "type": "variable",
                    "value": "_workbook"
                }
            },
            "type": "step",
            "workflow_pos": [
                904,
                3490
            ]
        },
        {
            "condition_config": {
                "block_name": null,
                "condition": {
                    "left_operand": {
                        "type": "variable",
                        "value": "cells_price_value"
                    },
                    "operator": "==",
                    "right_operand": {
                        "type": "hardcoded",
                        "value": null
                    }
                }
            },
            "if_id": "if_4",
            "type": "ELSE"
        },
        {
            "assign_to_variable_name": null,
            "class_name": "Bot_Flow_Control",
            "method_name": "do_nothing",
            "module_name": "Bot_GUI_Control",
            "parameters_config": {},
            "type": "step",
            "workflow_pos": [
                1498,
                890
            ]
        },
        {
            "condition_config": {
                "block_name": null,
                "condition": {
                    "left_operand": {
                        "type": "variable",
                        "value": "cells_price_value"
                    },
                    "operator": "==",
                    "right_operand": {
                        "type": "hardcoded",
                        "value": null
                    }
                }
            },
            "if_id": "if_4",
            "type": "IF_END",
            "workflow_pos": [
                1234,
                3650
            ]
        },
        {
            "loop_config": {
                "assign_iteration_to_variable": "_interate",
                "iteration_count_config": {
                    "type": "hardcoded",
                    "value": 2
                },
                "loop_name": null
            },
            "loop_id": "loop_1",
            "type": "loop_end",
            "workflow_pos": [
                1300,
                3810
            ]
        }
    ],
    "global_variables": {
        "Chrome_link": "D:/python/TGDD/chromedriver-win64/chromedriver.exe",
        "url": "https://cellphones.com.vn/iphone-16-pro-max.html",
        "_webdriver": null,
        "Desc": null,
        "_price": null,
        "_workbook": null,
        "_total_line": 999,
        "_interate": 2,
        "_row": 6,
        "_product_search": "\u0110i\u1ec7n tho\u1ea1i iPhone 16 Pro Max 256GB Black Titanium",
        "df_search": null,
        "product_price": "35.490.000\u20ab",
        "product_description": "Samsung Galaxy S25 Ultra 1TB",
        "col_price": "I",
        "col_des": "J",
        "stt": "GGAPI5",
        "_screenshot_file_name": "D:\\python\\TGDD\\TGGD_screenshot\\dmx_GGAPI5.png",
        "screenshot_folder_link": "D:\\python\\TGDD\\TGGD_screenshot",
        "isTakescreenshot": true,
        "col_screenshot": "M",
        "col_link": "L",
        "gemini_result_df": null,
        "_json_gemini": "```json\n{\n  \"product_name\": \"Samsung Galaxy S25 Ultra 1TB\",\n  \"price\": \"35.490.000\u20ab\",\n  \"status\": \"T\u1ea0M H\u1ebeT H\u00c0NG\"\n}\n```",
        "excel_link": "D:/python/TGDD/TGGD partlist _ newT.xlsx",
        "cells_price_value": null,
        "last_run_row": 4,
        "hyper_link": "=HYPERLINK(\"D:\\python\\TGDD\\TGGD_screenshot\\dmx_GGAPI5.png\")"
    },
    "group_expansion_states": {}
}