{
    "added_steps_data": [
        {
            "group_id": "group_1",
            "group_name": "Login_MIC",
            "type": "group_start",
            "workflow_pos": [
                3170,
                50
            ]
        },
        {
            "assign_to_variable_name": "isMICopen",
            "class_name": "Bot_utility",
            "method_name": "check_win_title_exits",
            "module_name": "Gui_Automate",
            "parameters_config": {
                "timeout": {
                    "type": "hardcoded",
                    "value": 5
                },
                "title": {
                    "type": "hardcoded",
                    "value": "MIC-GTM"
                }
            },
            "type": "step"
        },
        {
            "condition_config": {
                "block_name": null,
                "condition": {
                    "left_operand": {
                        "type": "variable",
                        "value": "isMICopen"
                    },
                    "operator": "==",
                    "right_operand": {
                        "type": "hardcoded",
                        "value": true
                    }
                }
            },
            "if_id": "if_1",
            "type": "IF_START"
        },
        {
            "assign_to_variable_name": null,
            "class_name": "Bot_utility",
            "method_name": "activate_window",
            "module_name": "Gui_Automate",
            "parameters_config": {
                "title": {
                    "type": "hardcoded",
                    "value": "MIC"
                }
            },
            "type": "step"
        },
        {
            "assign_to_variable_name": null,
            "class_name": "Bot_utility",
            "method_name": "close_window",
            "module_name": "Gui_Automate",
            "parameters_config": {
                "title": {
                    "type": "hardcoded",
                    "value": "MIC-GTM"
                }
            },
            "type": "step"
        },
        {
            "assign_to_variable_name": "isMicmessage",
            "class_name": "Bot_utility",
            "method_name": "check_image_exits",
            "module_name": "Gui_Automate",
            "parameters_config": {
                "image_to_click": {
                    "type": "hardcoded_file",
                    "value": "MIC/MIC_close_message"
                },
                "timeout": {
                    "type": "hardcoded",
                    "value": 5
                }
            },
            "type": "step"
        },
        {
            "condition_config": {
                "block_name": null,
                "condition": {
                    "left_operand": {
                        "type": "variable",
                        "value": "isMicmessage"
                    },
                    "operator": "==",
                    "right_operand": {
                        "type": "hardcoded",
                        "value": true
                    }
                }
            },
            "if_id": "if_2",
            "type": "IF_START"
        },
        {
            "assign_to_variable_name": null,
            "class_name": "Bot_utility",
            "method_name": "left_click",
            "module_name": "Gui_Automate",
            "parameters_config": {
                "confidence": {
                    "type": "hardcoded",
                    "value": 0.92
                },
                "image_to_click": {
                    "type": "hardcoded_file",
                    "value": "MIC/MIC_close_message"
                },
                "offset_x": {
                    "type": "hardcoded",
                    "value": 0
                },
                "offset_y": {
                    "type": "hardcoded",
                    "value": 0
                }
            },
            "type": "step"
        },
        {
            "condition_config": {
                "block_name": null,
                "condition": {
                    "left_operand": {
                        "type": "variable",
                        "value": "isMicmessage"
                    },
                    "operator": "==",
                    "right_operand": {
                        "type": "hardcoded",
                        "value": true
                    }
                }
            },
            "if_id": "if_2",
            "type": "ELSE"
        },
        {
            "condition_config": {
                "block_name": null,
                "condition": {
                    "left_operand": {
                        "type": "variable",
                        "value": "isMicmessage"
                    },
                    "operator": "==",
                    "right_operand": {
                        "type": "hardcoded",
                        "value": true
                    }
                }
            },
            "if_id": "if_2",
            "type": "IF_END"
        },
        {
            "condition_config": {
                "block_name": null,
                "condition": {
                    "left_operand": {
                        "type": "variable",
                        "value": "isMICopen"
                    },
                    "operator": "==",
                    "right_operand": {
                        "type": "hardcoded",
                        "value": true
                    }
                }
            },
            "if_id": "if_1",
            "type": "ELSE"
        },
        {
            "assign_to_variable_name": null,
            "class_name": "Bot_utility",
            "method_name": "wait_ms",
            "module_name": "Gui_Automate",
            "parameters_config": {
                "value": {
                    "type": "hardcoded",
                    "value": 1
                }
            },
            "type": "step"
        },
        {
            "condition_config": {
                "block_name": null,
                "condition": {
                    "left_operand": {
                        "type": "variable",
                        "value": "isMICopen"
                    },
                    "operator": "==",
                    "right_operand": {
                        "type": "hardcoded",
                        "value": true
                    }
                }
            },
            "if_id": "if_1",
            "type": "IF_END"
        },
        {
            "assign_to_variable_name": "_webdriver",
            "class_name": "Chrome_selenium",
            "method_name": "connect_chrome",
            "module_name": "Chrome_selenium",
            "parameters_config": {
                "chrome_driver_link": {
                    "type": "variable",
                    "value": "link_chrome"
                },
                "url": {
                    "type": "variable",
                    "value": "url"
                }
            },
            "type": "step"
        },
        {
            "assign_to_variable_name": null,
            "class_name": "Bot_utility",
            "method_name": "wait_second",
            "module_name": "Gui_Automate",
            "parameters_config": {
                "value": {
                    "type": "hardcoded",
                    "value": 2
                }
            },
            "type": "step"
        },
        {
            "assign_to_variable_name": null,
            "class_name": "Chrome_selenium",
            "method_name": "find_element_action",
            "module_name": "Chrome_selenium",
            "parameters_config": {
                "Actions": {
                    "type": "hardcoded",
                    "value": "Send_Key"
                },
                "by_strategy": {
                    "type": "hardcoded",
                    "value": "xpath"
                },
                "driver": {
                    "type": "variable",
                    "value": "_webdriver"
                },
                "locator_value": {
                    "type": "hardcoded",
                    "value": "//*[@id=\"username\"]"
                },
                "text_to_send": {
                    "type": "hardcoded",
                    "value": "Hphung@bsh"
                }
            },
            "type": "step"
        },
        {
            "assign_to_variable_name": null,
            "class_name": "Chrome_selenium",
            "method_name": "find_element_action",
            "module_name": "Chrome_selenium",
            "parameters_config": {
                "Actions": {
                    "type": "hardcoded",
                    "value": "Send_Key"
                },
                "by_strategy": {
                    "type": "hardcoded",
                    "value": "xpath"
                },
                "driver": {
                    "type": "variable",
                    "value": "_webdriver"
                },
                "locator_value": {
                    "type": "hardcoded",
                    "value": "//*[@id=\"password\"]"
                },
                "text_to_send": {
                    "type": "hardcoded",
                    "value": "Frankfurt-2058"
                }
            },
            "type": "step"
        },
        {
            "assign_to_variable_name": null,
            "class_name": "Chrome_selenium",
            "method_name": "find_element_action",
            "module_name": "Chrome_selenium",
            "parameters_config": {
                "Actions": {
                    "type": "hardcoded",
                    "value": "Click"
                },
                "by_strategy": {
                    "type": "hardcoded",
                    "value": "xpath"
                },
                "driver": {
                    "type": "variable",
                    "value": "_webdriver"
                },
                "locator_value": {
                    "type": "hardcoded",
                    "value": "//input[@value='Sign in']"
                },
                "text_to_send": {
                    "type": "hardcoded",
                    "value": ""
                }
            },
            "type": "step"
        },
        {
            "assign_to_variable_name": "islognin",
            "class_name": "Chrome_selenium",
            "method_name": "check_element_exist",
            "module_name": "Chrome_selenium",
            "parameters_config": {
                "by_strategy": {
                    "type": "hardcoded",
                    "value": "xpath"
                },
                "driver": {
                    "type": "variable",
                    "value": "_webdriver"
                },
                "locator_value": {
                    "type": "hardcoded",
                    "value": "/html/body/div/main/div/div[2]/div[2]/div[2]/div/div[1]/div/a/div/div/div[2]/h5"
                },
                "timeout": {
                    "type": "hardcoded",
                    "value": 10
                }
            },
            "type": "step"
        },
        {
            "condition_config": {
                "block_name": null,
                "condition": {
                    "left_operand": {
                        "type": "variable",
                        "value": "islognin"
                    },
                    "operator": "==",
                    "right_operand": {
                        "type": "hardcoded",
                        "value": true
                    }
                }
            },
            "if_id": "if_3",
            "type": "IF_START"
        },
        {
            "assign_to_variable_name": null,
            "class_name": "Chrome_selenium",
            "method_name": "find_element_action",
            "module_name": "Chrome_selenium",
            "parameters_config": {
                "Actions": {
                    "type": "hardcoded",
                    "value": "Click"
                },
                "by_strategy": {
                    "type": "hardcoded",
                    "value": "xpath"
                },
                "driver": {
                    "type": "variable",
                    "value": "_webdriver"
                },
                "locator_value": {
                    "type": "hardcoded",
                    "value": "/html/body/div/main/div/div[2]/div[2]/div[2]/div/div[1]/div/a/div/div/div[2]/h5"
                },
                "text_to_send": {
                    "type": "hardcoded",
                    "value": ""
                }
            },
            "type": "step"
        },
        {
            "condition_config": {
                "block_name": null,
                "condition": {
                    "left_operand": {
                        "type": "variable",
                        "value": "islognin"
                    },
                    "operator": "==",
                    "right_operand": {
                        "type": "hardcoded",
                        "value": true
                    }
                }
            },
            "if_id": "if_3",
            "type": "ELSE"
        },
        {
            "assign_to_variable_name": null,
            "class_name": "youmodule2",
            "method_name": "stop_workflow",
            "module_name": "my_modules",
            "parameters_config": {},
            "type": "step"
        },
        {
            "condition_config": {
                "block_name": null,
                "condition": {
                    "left_operand": {
                        "type": "variable",
                        "value": "islognin"
                    },
                    "operator": "==",
                    "right_operand": {
                        "type": "hardcoded",
                        "value": true
                    }
                }
            },
            "if_id": "if_3",
            "type": "IF_END"
        },
        {
            "assign_to_variable_name": "isMICopen",
            "class_name": "Bot_utility",
            "method_name": "check_image_exits",
            "module_name": "Gui_Automate",
            "parameters_config": {
                "image_to_click": {
                    "type": "hardcoded_file",
                    "value": "MIC/MIC_GTM_Suite"
                },
                "timeout": {
                    "type": "hardcoded",
                    "value": 20
                }
            },
            "type": "step"
        },
        {
            "condition_config": {
                "block_name": null,
                "condition": {
                    "left_operand": {
                        "type": "variable",
                        "value": "isMICopen"
                    },
                    "operator": "==",
                    "right_operand": {
                        "type": "hardcoded",
                        "value": true
                    }
                }
            },
            "if_id": "if_4",
            "type": "IF_START"
        },
        {
            "assign_to_variable_name": null,
            "class_name": "Bot_utility",
            "method_name": "wait_second",
            "module_name": "Gui_Automate",
            "parameters_config": {
                "value": {
                    "type": "hardcoded",
                    "value": 1
                }
            },
            "type": "step"
        },
        {
            "condition_config": {
                "block_name": null,
                "condition": {
                    "left_operand": {
                        "type": "variable",
                        "value": "isMICopen"
                    },
                    "operator": "==",
                    "right_operand": {
                        "type": "hardcoded",
                        "value": true
                    }
                }
            },
            "if_id": "if_4",
            "type": "ELSE"
        },
        {
            "assign_to_variable_name": null,
            "class_name": "youmodule2",
            "method_name": "stop_workflow",
            "module_name": "my_modules",
            "parameters_config": {},
            "type": "step"
        },
        {
            "condition_config": {
                "block_name": null,
                "condition": {
                    "left_operand": {
                        "type": "variable",
                        "value": "isMICopen"
                    },
                    "operator": "==",
                    "right_operand": {
                        "type": "hardcoded",
                        "value": true
                    }
                }
            },
            "if_id": "if_4",
            "type": "IF_END"
        },
        {
            "assign_to_variable_name": "_webdriver",
            "class_name": "Chrome_MIC",
            "method_name": "switch_driver_tab",
            "module_name": "Chrome_selenium",
            "parameters_config": {
                "driver": {
                    "type": "variable",
                    "value": "_webdriver"
                },
                "tab": {
                    "type": "hardcoded",
                    "value": 1
                }
            },
            "type": "step"
        },
        {
            "group_id": "group_1",
            "type": "group_end"
        },
        {
            "assign_to_variable_name": "_loop_try",
            "class_name": "change_variable_value",
            "method_name": "assign_value2variable",
            "module_name": "Variable_manipulation",
            "parameters_config": {
                "value": {
                    "type": "hardcoded",
                    "value": 6
                }
            },
            "type": "step",
            "workflow_pos": [
                3170,
                170
            ]
        },
        {
            "loop_config": {
                "assign_iteration_to_variable": "_try_iterate",
                "iteration_count_config": {
                    "type": "variable",
                    "value": "_loop_try"
                },
                "loop_name": "Loop_try_open_select_rule"
            },
            "loop_id": "loop_4",
            "type": "loop_start",
            "workflow_pos": [
                3170,
                290
            ]
        },
        {
            "assign_to_variable_name": "isSelect_rule_visible",
            "class_name": "Bot_utility",
            "method_name": "check_image_exits",
            "module_name": "Gui_Automate",
            "parameters_config": {
                "image_to_click": {
                    "type": "hardcoded_file",
                    "value": "MIC/MIC_select_rule"
                },
                "timeout": {
                    "type": "hardcoded",
                    "value": 2
                }
            },
            "type": "step",
            "workflow_pos": [
                3104,
                410
            ]
        },
        {
            "condition_config": {
                "block_name": null,
                "condition": {
                    "left_operand": {
                        "type": "variable",
                        "value": "isSelect_rule_visible"
                    },
                    "operator": "==",
                    "right_operand": {
                        "type": "hardcoded",
                        "value": true
                    }
                }
            },
            "if_id": "if_13",
            "type": "IF_START",
            "workflow_pos": [
                3104,
                530
            ]
        },
        {
            "assign_to_variable_name": null,
            "class_name": "Bot_utility",
            "method_name": "left_click",
            "module_name": "Gui_Automate",
            "parameters_config": {
                "confidence": {
                    "type": "hardcoded",
                    "value": 0.92
                },
                "image_to_click": {
                    "type": "hardcoded_file",
                    "value": "MIC/MIC_select_rule"
                },
                "offset_x": {
                    "type": "hardcoded",
                    "value": 0
                },
                "offset_y": {
                    "type": "hardcoded",
                    "value": 0
                },
                "stop_if_not_found": {
                    "type": "hardcoded",
                    "value": false
                }
            },
            "type": "step",
            "workflow_pos": [
                2774,
                650
            ]
        },
        {
            "assign_to_variable_name": null,
            "class_name": "Bot_utility",
            "method_name": "right_click",
            "module_name": "Gui_Automate",
            "parameters_config": {
                "confidence": {
                    "type": "hardcoded",
                    "value": 0.92
                },
                "image_to_click": {
                    "type": "hardcoded_file",
                    "value": "MIC/MIC_select_rule"
                },
                "offset_x": {
                    "type": "hardcoded",
                    "value": 0
                },
                "offset_y": {
                    "type": "hardcoded",
                    "value": 0
                }
            },
            "type": "step",
            "workflow_pos": [
                2774,
                770
            ]
        },
        {
            "assign_to_variable_name": null,
            "class_name": "Bot_utility",
            "method_name": "wait_second",
            "module_name": "Gui_Automate",
            "parameters_config": {
                "value": {
                    "type": "hardcoded",
                    "value": 2
                }
            },
            "type": "step",
            "workflow_pos": [
                2774,
                890
            ]
        },
        {
            "assign_to_variable_name": null,
            "class_name": "Bot_utility",
            "method_name": "left_click",
            "module_name": "Gui_Automate",
            "parameters_config": {
                "confidence": {
                    "type": "hardcoded",
                    "value": 0.92
                },
                "image_to_click": {
                    "type": "hardcoded_file",
                    "value": "MIC/MIC_Select_rule_Mic_rule_all"
                },
                "offset_x": {
                    "type": "hardcoded",
                    "value": 0
                },
                "offset_y": {
                    "type": "hardcoded",
                    "value": 0
                },
                "stop_if_not_found": {
                    "type": "hardcoded",
                    "value": false
                }
            },
            "type": "step",
            "workflow_pos": [
                2774,
                1010
            ]
        },
        {
            "assign_to_variable_name": "isFilter_criteria_visible",
            "class_name": "Bot_utility",
            "method_name": "check_image_exits",
            "module_name": "Gui_Automate",
            "parameters_config": {
                "image_to_click": {
                    "type": "hardcoded_file",
                    "value": "MIC/Filter_criteria"
                },
                "timeout": {
                    "type": "hardcoded",
                    "value": 60
                }
            },
            "type": "step",
            "workflow_pos": [
                2774,
                1130
            ]
        },
        {
            "condition_config": {
                "block_name": null,
                "condition": {
                    "left_operand": {
                        "type": "variable",
                        "value": "isFilter_criteria_visible"
                    },
                    "operator": "==",
                    "right_operand": {
                        "type": "hardcoded",
                        "value": true
                    }
                }
            },
            "if_id": "if_14",
            "type": "IF_START",
            "workflow_pos": [
                2774,
                1250
            ]
        },
        {
            "assign_to_variable_name": "_loop_try",
            "class_name": "change_variable_value",
            "method_name": "assign_value2variable",
            "module_name": "Variable_manipulation",
            "parameters_config": {
                "value": {
                    "type": "hardcoded",
                    "value": 1
                }
            },
            "type": "step",
            "workflow_pos": [
                2444,
                1370
            ]
        },
        {
            "condition_config": {
                "block_name": null,
                "condition": {
                    "left_operand": {
                        "type": "variable",
                        "value": "isFilter_criteria_visible"
                    },
                    "operator": "==",
                    "right_operand": {
                        "type": "hardcoded",
                        "value": true
                    }
                }
            },
            "if_id": "if_14",
            "type": "ELSE"
        },
        {
            "assign_to_variable_name": null,
            "class_name": "Bot_utility",
            "method_name": "left_click",
            "module_name": "Gui_Automate",
            "parameters_config": {
                "confidence": {
                    "type": "hardcoded",
                    "value": 0.92
                },
                "image_to_click": {
                    "type": "hardcoded_file",
                    "value": "MIC/MIC_GTM_Suite"
                },
                "offset_x": {
                    "type": "hardcoded",
                    "value": 0
                },
                "offset_y": {
                    "type": "hardcoded",
                    "value": 0
                },
                "stop_if_not_found": {
                    "type": "hardcoded",
                    "value": false
                }
            },
            "type": "step",
            "workflow_pos": [
                3038,
                1370
            ]
        },
        {
            "condition_config": {
                "block_name": null,
                "condition": {
                    "left_operand": {
                        "type": "variable",
                        "value": "isFilter_criteria_visible"
                    },
                    "operator": "==",
                    "right_operand": {
                        "type": "hardcoded",
                        "value": true
                    }
                }
            },
            "if_id": "if_14",
            "type": "IF_END",
            "workflow_pos": [
                2774,
                1530
            ]
        },
        {
            "condition_config": {
                "block_name": null,
                "condition": {
                    "left_operand": {
                        "type": "variable",
                        "value": "isSelect_rule_visible"
                    },
                    "operator": "==",
                    "right_operand": {
                        "type": "hardcoded",
                        "value": true
                    }
                }
            },
            "if_id": "if_13",
            "type": "ELSE"
        },
        {
            "assign_to_variable_name": null,
            "class_name": "Bot_utility",
            "method_name": "left_click",
            "module_name": "Gui_Automate",
            "parameters_config": {
                "confidence": {
                    "type": "hardcoded",
                    "value": 0.92
                },
                "image_to_click": {
                    "type": "hardcoded_file",
                    "value": "MIC/MIC_classification_setting"
                },
                "offset_x": {
                    "type": "hardcoded",
                    "value": "-75"
                },
                "offset_y": {
                    "type": "hardcoded",
                    "value": 0
                },
                "stop_if_not_found": {
                    "type": "hardcoded",
                    "value": false
                }
            },
            "type": "step",
            "workflow_pos": [
                3368,
                650
            ]
        },
        {
            "condition_config": {
                "block_name": null,
                "condition": {
                    "left_operand": {
                        "type": "variable",
                        "value": "isSelect_rule_visible"
                    },
                    "operator": "==",
                    "right_operand": {
                        "type": "hardcoded",
                        "value": true
                    }
                }
            },
            "if_id": "if_13",
            "type": "IF_END",
            "workflow_pos": [
                3104,
                1690
            ]
        },
        {
            "condition_config": {
                "block_name": null,
                "condition": {
                    "left_operand": {
                        "type": "variable",
                        "value": "_try_iterate"
                    },
                    "operator": ">=",
                    "right_operand": {
                        "type": "hardcoded",
                        "value": 5
                    }
                }
            },
            "if_id": "if_15",
            "type": "IF_START",
            "workflow_pos": [
                3104,
                1810
            ]
        },
        {
            "assign_to_variable_name": null,
            "class_name": "youmodule2",
            "method_name": "stop_workflow",
            "module_name": "my_modules",
            "parameters_config": {},
            "type": "step",
            "workflow_pos": [
                3038,
                1930
            ]
        },
        {
            "condition_config": {
                "block_name": null,
                "condition": {
                    "left_operand": {
                        "type": "variable",
                        "value": "_try_iterate"
                    },
                    "operator": ">=",
                    "right_operand": {
                        "type": "hardcoded",
                        "value": 5
                    }
                }
            },
            "if_id": "if_15",
            "type": "ELSE"
        },
        {
            "condition_config": {
                "block_name": null,
                "condition": {
                    "left_operand": {
                        "type": "variable",
                        "value": "_try_iterate"
                    },
                    "operator": ">=",
                    "right_operand": {
                        "type": "hardcoded",
                        "value": 5
                    }
                }
            },
            "if_id": "if_15",
            "type": "IF_END",
            "workflow_pos": [
                3104,
                2090
            ]
        },
        {
            "loop_config": {
                "assign_iteration_to_variable": "_try_iterate",
                "iteration_count_config": {
                    "type": "variable",
                    "value": "_loop_try"
                },
                "loop_name": "Loop_try_open_select_rule"
            },
            "loop_id": "loop_4",
            "type": "loop_end",
            "workflow_pos": [
                3170,
                2250
            ]
        },
        {
            "assign_to_variable_name": "_loop_try",
            "class_name": "change_variable_value",
            "method_name": "assign_value2variable",
            "module_name": "Variable_manipulation",
            "parameters_config": {
                "value": {
                    "type": "hardcoded",
                    "value": 6
                }
            },
            "type": "step",
            "workflow_pos": [
                3170,
                2370
            ]
        },
        {
            "group_id": "group_8",
            "group_name": "MIC_get_part_to_clipboard",
            "type": "group_start",
            "workflow_pos": [
                3170,
                2490
            ]
        },
        {
            "group_id": "group_8",
            "group_name": "MIC_get_part_to_clipboard",
            "type": "group_end"
        },
        {
            "loop_config": {
                "assign_iteration_to_variable": "_try_iterate",
                "iteration_count_config": {
                    "type": "variable",
                    "value": "_loop_try"
                },
                "loop_name": "Loop_clipboard_df"
            },
            "loop_id": "loop_6",
            "type": "loop_start",
            "workflow_pos": [
                3170,
                2610
            ]
        },
        {
            "assign_to_variable_name": "is_clipboard_win",
            "class_name": "Bot_utility",
            "method_name": "check_image_exits",
            "module_name": "Gui_Automate",
            "parameters_config": {
                "image_to_click": {
                    "type": "hardcoded_file",
                    "value": "MIC/MIC_clipboard_win"
                },
                "timeout": {
                    "type": "hardcoded",
                    "value": 1
                }
            },
            "type": "step",
            "workflow_pos": [
                3104,
                2730
            ]
        },
        {
            "condition_config": {
                "block_name": null,
                "condition": {
                    "left_operand": {
                        "type": "variable",
                        "value": "is_clipboard_win"
                    },
                    "operator": "==",
                    "right_operand": {
                        "type": "hardcoded",
                        "value": true
                    }
                }
            },
            "if_id": "if_17",
            "type": "IF_START",
            "workflow_pos": [
                3104,
                2850
            ]
        },
        {
            "assign_to_variable_name": null,
            "class_name": "Bot_utility",
            "method_name": "left_click",
            "module_name": "Gui_Automate",
            "parameters_config": {
                "confidence": {
                    "type": "hardcoded",
                    "value": 0.92
                },
                "image_to_click": {
                    "type": "hardcoded_file",
                    "value": "MIC/MIC_clipboard_close"
                },
                "offset_x": {
                    "type": "hardcoded",
                    "value": 0
                },
                "offset_y": {
                    "type": "hardcoded",
                    "value": 0
                },
                "stop_if_not_found": {
                    "type": "hardcoded",
                    "value": false
                }
            },
            "type": "step",
            "workflow_pos": [
                3038,
                2970
            ]
        },
        {
            "assign_to_variable_name": null,
            "class_name": "Bot_utility",
            "method_name": "wait_second",
            "module_name": "Gui_Automate",
            "parameters_config": {
                "value": {
                    "type": "hardcoded",
                    "value": 2
                }
            },
            "type": "step",
            "workflow_pos": [
                3038,
                3090
            ]
        },
        {
            "condition_config": {
                "block_name": null,
                "condition": {
                    "left_operand": {
                        "type": "variable",
                        "value": "is_clipboard_win"
                    },
                    "operator": "==",
                    "right_operand": {
                        "type": "hardcoded",
                        "value": true
                    }
                }
            },
            "if_id": "if_17",
            "type": "ELSE"
        },
        {
            "condition_config": {
                "block_name": null,
                "condition": {
                    "left_operand": {
                        "type": "variable",
                        "value": "is_clipboard_win"
                    },
                    "operator": "==",
                    "right_operand": {
                        "type": "hardcoded",
                        "value": true
                    }
                }
            },
            "if_id": "if_17",
            "type": "IF_END",
            "workflow_pos": [
                3104,
                3250
            ]
        },
        {
            "assign_to_variable_name": null,
            "class_name": "Bot_utility",
            "method_name": "left_click",
            "module_name": "Gui_Automate",
            "parameters_config": {
                "confidence": {
                    "type": "hardcoded",
                    "value": 0.92
                },
                "image_to_click": {
                    "type": "hardcoded_file",
                    "value": "MIC/MIC_plus_icon"
                },
                "offset_x": {
                    "type": "hardcoded",
                    "value": "-5"
                },
                "offset_y": {
                    "type": "hardcoded",
                    "value": 50
                },
                "stop_if_not_found": {
                    "type": "hardcoded",
                    "value": true
                }
            },
            "type": "step",
            "workflow_pos": [
                3104,
                3370
            ]
        },
        {
            "assign_to_variable_name": null,
            "class_name": "Bot_utility",
            "method_name": "wait_second",
            "module_name": "Gui_Automate",
            "parameters_config": {
                "value": {
                    "type": "hardcoded",
                    "value": 3
                }
            },
            "type": "step",
            "workflow_pos": [
                3104,
                3490
            ]
        },
        {
            "assign_to_variable_name": null,
            "class_name": "Keyboard",
            "method_name": "send_hotkey",
            "module_name": "Mouse_Key_Automate",
            "parameters_config": {
                "hotkey": {
                    "type": "hardcoded",
                    "value": "ctrl+a"
                }
            },
            "type": "step",
            "workflow_pos": [
                3104,
                3610
            ]
        },
        {
            "assign_to_variable_name": "isConfirm_message",
            "class_name": "Bot_utility",
            "method_name": "check_image_exits",
            "module_name": "Gui_Automate",
            "parameters_config": {
                "image_to_click": {
                    "type": "hardcoded_file",
                    "value": "MIC/MIC_message_box_confirm"
                },
                "timeout": {
                    "type": "hardcoded",
                    "value": 20
                }
            },
            "type": "step",
            "workflow_pos": [
                3104,
                3730
            ]
        },
        {
            "condition_config": {
                "block_name": null,
                "condition": {
                    "left_operand": {
                        "type": "variable",
                        "value": "isConfirm_message"
                    },
                    "operator": "==",
                    "right_operand": {
                        "type": "hardcoded",
                        "value": true
                    }
                }
            },
            "if_id": "if_16",
            "type": "IF_START",
            "workflow_pos": [
                3104,
                3850
            ]
        },
        {
            "assign_to_variable_name": null,
            "class_name": "Keyboard",
            "method_name": "send_hotkey",
            "module_name": "Mouse_Key_Automate",
            "parameters_config": {
                "hotkey": {
                    "type": "hardcoded",
                    "value": "enter"
                }
            },
            "type": "step",
            "workflow_pos": [
                3038,
                3970
            ]
        },
        {
            "assign_to_variable_name": null,
            "class_name": "Bot_utility",
            "method_name": "wait_second",
            "module_name": "Gui_Automate",
            "parameters_config": {
                "value": {
                    "type": "hardcoded",
                    "value": 30
                }
            },
            "type": "step",
            "workflow_pos": [
                3038,
                4090
            ]
        },
        {
            "condition_config": {
                "block_name": null,
                "condition": {
                    "left_operand": {
                        "type": "variable",
                        "value": "isConfirm_message"
                    },
                    "operator": "==",
                    "right_operand": {
                        "type": "hardcoded",
                        "value": true
                    }
                }
            },
            "if_id": "if_16",
            "type": "ELSE"
        },
        {
            "condition_config": {
                "block_name": null,
                "condition": {
                    "left_operand": {
                        "type": "variable",
                        "value": "isConfirm_message"
                    },
                    "operator": "==",
                    "right_operand": {
                        "type": "hardcoded",
                        "value": true
                    }
                }
            },
            "if_id": "if_16",
            "type": "IF_END",
            "workflow_pos": [
                3104,
                4250
            ]
        },
        {
            "assign_to_variable_name": null,
            "class_name": "Keyboard",
            "method_name": "send_hotkey",
            "module_name": "Mouse_Key_Automate",
            "parameters_config": {
                "hotkey": {
                    "type": "hardcoded",
                    "value": "ctrl+c"
                }
            },
            "type": "step",
            "workflow_pos": [
                3104,
                4370
            ]
        },
        {
            "assign_to_variable_name": "is_clipboard_win",
            "class_name": "Bot_utility",
            "method_name": "check_image_exits",
            "module_name": "Gui_Automate",
            "parameters_config": {
                "image_to_click": {
                    "type": "hardcoded_file",
                    "value": "MIC/MIC_clipboard_win"
                },
                "timeout": {
                    "type": "hardcoded",
                    "value": 60
                }
            },
            "type": "step",
            "workflow_pos": [
                3104,
                4490
            ]
        },
        {
            "condition_config": {
                "block_name": null,
                "condition": {
                    "left_operand": {
                        "type": "variable",
                        "value": "is_clipboard_win"
                    },
                    "operator": "==",
                    "right_operand": {
                        "type": "hardcoded",
                        "value": true
                    }
                }
            },
            "if_id": "if_20",
            "type": "IF_START",
            "workflow_pos": [
                3104,
                4610
            ]
        },
        {
            "assign_to_variable_name": null,
            "class_name": "Keyboard",
            "method_name": "send_hotkey",
            "module_name": "Mouse_Key_Automate",
            "parameters_config": {
                "hotkey": {
                    "type": "hardcoded",
                    "value": "ctrl+c"
                }
            },
            "type": "step",
            "workflow_pos": [
                2774,
                4730
            ]
        },
        {
            "assign_to_variable_name": null,
            "class_name": "Bot_utility",
            "method_name": "wait_image_disappear",
            "module_name": "Gui_Automate",
            "parameters_config": {
                "image_to_click": {
                    "type": "hardcoded_file",
                    "value": "MIC/MIC_clipboard_close"
                },
                "timeout": {
                    "type": "hardcoded",
                    "value": 5
                }
            },
            "type": "step",
            "workflow_pos": [
                2774,
                4850
            ]
        },
        {
            "assign_to_variable_name": "df_rule_all",
            "class_name": "DataFrame",
            "method_name": "create_df_from_clipboard",
            "module_name": "Pandas Lib",
            "parameters_config": {
                "header_str": {
                    "type": "hardcoded",
                    "value": "Status;Order;Rule Name;Description;Type;Region;Classification Type;Tariff Number;Confidence Level;Matching Rule;Valid From;Valid To"
                }
            },
            "type": "step",
            "workflow_pos": [
                2774,
                4970
            ]
        },
        {
            "assign_to_variable_name": "len_df_rule",
            "class_name": "DataFrame",
            "method_name": "df_len",
            "module_name": "Pandas Lib",
            "parameters_config": {
                "df": {
                    "type": "variable",
                    "value": "df_rule_all"
                }
            },
            "type": "step",
            "workflow_pos": [
                2774,
                5090
            ]
        },
        {
            "condition_config": {
                "block_name": null,
                "condition": {
                    "left_operand": {
                        "type": "variable",
                        "value": "len_df_rule"
                    },
                    "operator": ">",
                    "right_operand": {
                        "type": "hardcoded",
                        "value": 0
                    }
                }
            },
            "if_id": "if_18",
            "type": "IF_START",
            "workflow_pos": [
                2774,
                5210
            ]
        },
        {
            "assign_to_variable_name": "_loop_try",
            "class_name": "change_variable_value",
            "method_name": "assign_value2variable",
            "module_name": "Variable_manipulation",
            "parameters_config": {
                "value": {
                    "type": "hardcoded",
                    "value": 1
                }
            },
            "type": "step",
            "workflow_pos": [
                2708,
                5330
            ]
        },
        {
            "condition_config": {
                "block_name": null,
                "condition": {
                    "left_operand": {
                        "type": "variable",
                        "value": "len_df_rule"
                    },
                    "operator": ">",
                    "right_operand": {
                        "type": "hardcoded",
                        "value": 0
                    }
                }
            },
            "if_id": "if_18",
            "type": "ELSE"
        },
        {
            "condition_config": {
                "block_name": null,
                "condition": {
                    "left_operand": {
                        "type": "variable",
                        "value": "len_df_rule"
                    },
                    "operator": ">",
                    "right_operand": {
                        "type": "hardcoded",
                        "value": 0
                    }
                }
            },
            "if_id": "if_18",
            "type": "IF_END",
            "workflow_pos": [
                2774,
                5490
            ]
        },
        {
            "condition_config": {
                "block_name": null,
                "condition": {
                    "left_operand": {
                        "type": "variable",
                        "value": "is_clipboard_win"
                    },
                    "operator": "==",
                    "right_operand": {
                        "type": "hardcoded",
                        "value": true
                    }
                }
            },
            "if_id": "if_20",
            "type": "ELSE"
        },
        {
            "assign_to_variable_name": null,
            "class_name": "youmodule2",
            "method_name": "do_nothing",
            "module_name": "my_modules",
            "parameters_config": {},
            "type": "step",
            "workflow_pos": [
                3368,
                4730
            ]
        },
        {
            "condition_config": {
                "block_name": null,
                "condition": {
                    "left_operand": {
                        "type": "variable",
                        "value": "is_clipboard_win"
                    },
                    "operator": "==",
                    "right_operand": {
                        "type": "hardcoded",
                        "value": true
                    }
                }
            },
            "if_id": "if_20",
            "type": "IF_END",
            "workflow_pos": [
                3104,
                5650
            ]
        },
        {
            "condition_config": {
                "block_name": null,
                "condition": {
                    "left_operand": {
                        "type": "variable",
                        "value": "_try_iterate"
                    },
                    "operator": ">=",
                    "right_operand": {
                        "type": "hardcoded",
                        "value": 5
                    }
                }
            },
            "if_id": "if_19",
            "type": "IF_START",
            "workflow_pos": [
                3104,
                5770
            ]
        },
        {
            "assign_to_variable_name": null,
            "class_name": "youmodule2",
            "method_name": "stop_workflow",
            "module_name": "my_modules",
            "parameters_config": {},
            "type": "step",
            "workflow_pos": [
                3038,
                5890
            ]
        },
        {
            "condition_config": {
                "block_name": null,
                "condition": {
                    "left_operand": {
                        "type": "variable",
                        "value": "_try_iterate"
                    },
                    "operator": ">=",
                    "right_operand": {
                        "type": "hardcoded",
                        "value": 5
                    }
                }
            },
            "if_id": "if_19",
            "type": "ELSE"
        },
        {
            "condition_config": {
                "block_name": null,
                "condition": {
                    "left_operand": {
                        "type": "variable",
                        "value": "_try_iterate"
                    },
                    "operator": ">=",
                    "right_operand": {
                        "type": "hardcoded",
                        "value": 5
                    }
                }
            },
            "if_id": "if_19",
            "type": "IF_END",
            "workflow_pos": [
                3104,
                6050
            ]
        },
        {
            "loop_config": {
                "assign_iteration_to_variable": "_try_iterate",
                "iteration_count_config": {
                    "type": "variable",
                    "value": "_loop_try"
                },
                "loop_name": "Loop_clipboard_df"
            },
            "loop_id": "loop_6",
            "type": "loop_end",
            "workflow_pos": [
                3170,
                6210
            ]
        },
        {
            "assign_to_variable_name": null,
            "class_name": "Chrome_selenium",
            "method_name": "close_driver",
            "module_name": "Chrome_selenium",
            "parameters_config": {
                "driver": {
                    "type": "variable",
                    "value": "_webdriver"
                }
            },
            "type": "step",
            "workflow_pos": [
                3170,
                6330
            ]
        },
        {
            "assign_to_variable_name": "df_rule_all",
            "class_name": "DataFrame",
            "method_name": "filter_by_value",
            "module_name": "Pandas Lib",
            "parameters_config": {
                "column_name": {
                    "type": "hardcoded",
                    "value": "Status"
                },
                "df": {
                    "type": "variable",
                    "value": "df_rule_all"
                },
                "value_to_match": {
                    "type": "hardcoded",
                    "value": "IN_USE"
                }
            },
            "type": "step",
            "workflow_pos": [
                3170,
                6450
            ]
        },
        {
            "assign_to_variable_name": "df_rule_filer",
            "class_name": "mic_help_class",
            "method_name": "filter_df_rule",
            "module_name": "my_modules",
            "parameters_config": {
                "df": {
                    "type": "variable",
                    "value": "df_rule_all"
                }
            },
            "type": "step",
            "workflow_pos": [
                3170,
                6570
            ]
        },
        {
            "group_id": "group_9",
            "group_name": "BSH_SQL_connection",
            "type": "group_start",
            "workflow_pos": [
                3170,
                6690
            ]
        },
        {
            "assign_to_variable_name": "_db_connection",
            "class_name": "MssqlDatabase",
            "custom_config_method": "configure_data_hub",
            "method_name": "_execute_mssql_connection",
            "module_name": "MS SQL Module",
            "parameters_config": {
                "config_data": {
                    "type": "hardcoded",
                    "value": {
                        "auth_mode": "windows",
                        "database": "DB_FTSC_BOT",
                        "host": "LDWSWISQLAPP03.bsh.corp.bshg.com"
                    }
                }
            },
            "type": "step"
        },
        {
            "group_id": "group_9",
            "group_name": "BSH_SQL_connection",
            "type": "group_end"
        },
        {
            "assign_to_variable_name": null,
            "class_name": "Mssql_Write",
            "custom_config_method": "configure_data_hub",
            "method_name": "_execute_mssql_write",
            "module_name": "MS SQL Module",
            "parameters_config": {
                "config_data": {
                    "type": "hardcoded",
                    "value": {
                        "batch_size": 1000,
                        "connection_var": "_db_connection",
                        "dataframe_var": "df_rule_filer",
                        "enforce_inclusion": true,
                        "exclude_columns": [],
                        "include_columns": [
                            "Status",
                            "Order",
                            "Rule Name",
                            "Description",
                            "Type",
                            "Region",
                            "Classification Type",
                            "Tariff Number",
                            "Confidence Level",
                            "Matching Rule",
                            "Valid From",
                            "Valid To"
                        ],
                        "remove_table": false,
                        "schema": "dbo",
                        "selection_method": "manual",
                        "table": "MIC_rule_temp"
                    }
                }
            },
            "type": "step",
            "workflow_pos": [
                3170,
                6810
            ]
        },
        {
            "assign_to_variable_name": null,
            "class_name": "Mssql_execute_query",
            "custom_config_method": "configure_data_hub",
            "method_name": "_execute_mssql_execute",
            "module_name": "MS SQL Module",
            "parameters_config": {
                "config_data": {
                    "type": "hardcoded",
                    "value": {
                        "connection_var": "_db_connection",
                        "sql_source": "direct",
                        "sql_statement_or_var": "MERGE [dbo].[MIC_rule] t \n                            USING [dbo].[MIC_rule_temp]\ts\n                            ON (t.[Rule Name] = s.[Rule Name])\n                            WHEN MATCHED AND t.[Tariff Number] != s.[Tariff Number]\n                                THEN UPDATE SET\n                                        t.[Tariff Number] = s.[Tariff Number]\n                                        ,t.[Status] = 'tariff code updated'\n\n                            WHEN NOT MATCHED BY SOURCE\n                                THEN UPDATE SET t.[Status] = 'deleted'\n                            WHEN NOT MATCHED BY TARGET\n                                THEN INSERT \n                                           (   [Status]\n                                                  ,[Order]\n                                                  ,[Rule Name]\n                                                  ,[Description]\n                                                  ,[Type]\n                                                  ,[Region]\n                                                  ,[Classification Type]\n                                                  ,[Tariff Number]\n                                                  ,[Confidence Level]\n                                                  ,[Matching Rule]\n                                                  ,[Valid From]\n                                                  ,[Valid To])\n                                     VALUES\n                                               (   'add new'\n                                                      ,s.[Order]\n                                                      ,s.[Rule Name]\n                                                      ,s.[Description]\n                                                      ,s.[Type]\n                                                      ,s.[Region]\n                                                      ,s.[Classification Type]\n                                                      ,s.[Tariff Number]\n                                                      ,s.[Confidence Level]\n                                                      ,s.[Matching Rule]\n                                                      ,s.[Valid From]\n                                                      ,s.[Valid To]);"
                    }
                }
            },
            "type": "step",
            "workflow_pos": [
                3170,
                6930
            ]
        },
        {
            "assign_to_variable_name": null,
            "class_name": "Mssql_execute_query",
            "custom_config_method": "configure_data_hub",
            "method_name": "_execute_mssql_execute",
            "module_name": "MS SQL Module",
            "parameters_config": {
                "config_data": {
                    "type": "hardcoded",
                    "value": {
                        "connection_var": "_db_connection",
                        "sql_source": "direct",
                        "sql_statement_or_var": "EXEC [dbo].[update_MIC_Refpart_all_schema]"
                    }
                }
            },
            "type": "step",
            "workflow_pos": [
                3170,
                7050
            ]
        },
        {
            "assign_to_variable_name": null,
            "class_name": "Mssql_Close_Connection",
            "custom_config_method": "configure_data_hub",
            "method_name": "_execute_mssql_close",
            "module_name": "MS SQL Module",
            "parameters_config": {
                "config_data": {
                    "type": "hardcoded",
                    "value": {
                        "connection_var": "_db_connection"
                    }
                }
            },
            "type": "step",
            "workflow_pos": [
                3170,
                7170
            ]
        }
    ],
    "global_variables": {
        "link_chrome": "C:/Users/puu1hc/OneDrive - Bosch Group/PersonalDrive/BOT 2023 Version/Auto-classify-new-2023/chromedriver-win64/chromedriver.exe",
        "url": "https://bshgtm.eu.micgtm.com/portal",
        "isMICopen": true,
        "_webdriver": null,
        "islognin": true,
        "isMicmessage": true,
        "_try": 1,
        "isResetButton": true,
        "_iterate": 1,
        "_loop_try": 1,
        "isSelect_rule_visible": true,
        "isFilter_criteria_visible": true,
        "_try_iterate": 1,
        "isConfirm_message": true,
        "is_clipboard_win": true,
        "df_rule_all": null,
        "len_df_rule": 7275,
        "df_rule_filer": null,
        "_db_connection": null
    },
    "group_expansion_states": {}
}