{
    "added_steps_data": [
        {
            "assign_to_variable_name": "isShipsterOpen",
            "class_name": "Bot_utility",
            "method_name": "check_win_title_exits",
            "module_name": "Gui_Automate",
            "parameters_config": {
                "timeout": {
                    "type": "hardcoded",
                    "value": 5
                },
                "title": {
                    "type": "hardcoded",
                    "value": "Shipster"
                }
            },
            "type": "step",
            "workflow_pos": [
                970,
                50
            ]
        },
        {
            "condition_config": {
                "block_name": null,
                "condition": {
                    "left_operand": {
                        "type": "variable",
                        "value": "isShipsterOpen"
                    },
                    "operator": "==",
                    "right_operand": {
                        "type": "hardcoded",
                        "value": true
                    }
                }
            },
            "if_id": "if_1",
            "type": "IF_START",
            "workflow_pos": [
                970,
                170
            ]
        },
        {
            "assign_to_variable_name": null,
            "class_name": "Bot_utility",
            "method_name": "activate_window",
            "module_name": "Gui_Automate",
            "parameters_config": {
                "title": {
                    "type": "hardcoded",
                    "value": "Shipster"
                }
            },
            "type": "step",
            "workflow_pos": [
                640,
                290
            ]
        },
        {
            "assign_to_variable_name": null,
            "class_name": "Bot_utility",
            "method_name": "close_window",
            "module_name": "Gui_Automate",
            "parameters_config": {
                "title": {
                    "type": "hardcoded",
                    "value": "Shipster"
                }
            },
            "type": "step",
            "workflow_pos": [
                640,
                410
            ]
        },
        {
            "condition_config": {
                "block_name": null,
                "condition": {
                    "left_operand": {
                        "type": "variable",
                        "value": "isShipsterOpen"
                    },
                    "operator": "==",
                    "right_operand": {
                        "type": "hardcoded",
                        "value": true
                    }
                }
            },
            "if_id": "if_1",
            "type": "ELSE"
        },
        {
            "assign_to_variable_name": null,
            "class_name": "youmodule2",
            "method_name": "do_nothing",
            "module_name": "my_modules",
            "parameters_config": {},
            "type": "step",
            "workflow_pos": [
                1234,
                290
            ]
        },
        {
            "condition_config": {
                "block_name": null,
                "condition": {
                    "left_operand": {
                        "type": "variable",
                        "value": "isShipsterOpen"
                    },
                    "operator": "==",
                    "right_operand": {
                        "type": "hardcoded",
                        "value": true
                    }
                }
            },
            "if_id": "if_1",
            "type": "IF_END",
            "workflow_pos": [
                970,
                570
            ]
        },
        {
            "assign_to_variable_name": "_webdriver",
            "class_name": "Chrome_selenium",
            "method_name": "connect_chrome",
            "module_name": "Chrome_selenium",
            "parameters_config": {
                "chrome_driver_link": {
                    "type": "variable",
                    "value": "chrome_driver_link"
                },
                "url": {
                    "type": "hardcoded",
                    "value": "https://shipster.cfapps.eu10-004.hana.ondemand.com/guest/index.html#"
                }
            },
            "type": "step",
            "workflow_pos": [
                970,
                690
            ]
        },
        {
            "assign_to_variable_name": null,
            "class_name": "Bot_utility",
            "method_name": "check_image_exits",
            "module_name": "Gui_Automate",
            "parameters_config": {
                "image_to_click": {
                    "type": "hardcoded_file",
                    "value": "Shipster/Shipster_logo"
                },
                "timeout": {
                    "type": "hardcoded",
                    "value": 30
                }
            },
            "type": "step",
            "workflow_pos": [
                970,
                810
            ]
        },
        {
            "assign_to_variable_name": "isNotLogin",
            "class_name": "Chrome_selenium",
            "method_name": "find_elememt_by_display_name",
            "module_name": "Chrome_selenium",
            "parameters_config": {
                "click_request": {
                    "type": "hardcoded",
                    "value": false
                },
                "driver": {
                    "type": "variable",
                    "value": "_webdriver"
                },
                "text": {
                    "type": "hardcoded",
                    "value": "Login"
                }
            },
            "type": "step",
            "workflow_pos": [
                970,
                930
            ]
        },
        {
            "condition_config": {
                "block_name": null,
                "condition": {
                    "left_operand": {
                        "type": "variable",
                        "value": "isNotLogin"
                    },
                    "operator": "==",
                    "right_operand": {
                        "type": "hardcoded",
                        "value": true
                    }
                }
            },
            "if_id": "if_2",
            "type": "IF_START",
            "workflow_pos": [
                970,
                1050
            ]
        },
        {
            "assign_to_variable_name": null,
            "class_name": "Chrome_selenium",
            "method_name": "find_elememt_by_display_name",
            "module_name": "Chrome_selenium",
            "parameters_config": {
                "click_request": {
                    "type": "hardcoded",
                    "value": true
                },
                "driver": {
                    "type": "variable",
                    "value": "_webdriver"
                },
                "text": {
                    "type": "hardcoded",
                    "value": "Login"
                }
            },
            "type": "step",
            "workflow_pos": [
                640,
                1170
            ]
        },
        {
            "assign_to_variable_name": null,
            "class_name": "Bot_utility",
            "method_name": "check_image_exits",
            "module_name": "Gui_Automate",
            "parameters_config": {
                "image_to_click": {
                    "type": "hardcoded_file",
                    "value": "Shipster/Shipster_logo"
                },
                "timeout": {
                    "type": "hardcoded",
                    "value": 30
                }
            },
            "type": "step",
            "workflow_pos": [
                640,
                1290
            ]
        },
        {
            "condition_config": {
                "block_name": null,
                "condition": {
                    "left_operand": {
                        "type": "variable",
                        "value": "isNotLogin"
                    },
                    "operator": "==",
                    "right_operand": {
                        "type": "hardcoded",
                        "value": true
                    }
                }
            },
            "if_id": "if_2",
            "type": "ELSE"
        },
        {
            "assign_to_variable_name": null,
            "class_name": "youmodule2",
            "method_name": "do_nothing",
            "module_name": "my_modules",
            "parameters_config": {},
            "type": "step",
            "workflow_pos": [
                1234,
                1170
            ]
        },
        {
            "condition_config": {
                "block_name": null,
                "condition": {
                    "left_operand": {
                        "type": "variable",
                        "value": "isNotLogin"
                    },
                    "operator": "==",
                    "right_operand": {
                        "type": "hardcoded",
                        "value": true
                    }
                }
            },
            "if_id": "if_2",
            "type": "IF_END",
            "workflow_pos": [
                970,
                1450
            ]
        },
        {
            "assign_to_variable_name": null,
            "class_name": "Bot_utility",
            "method_name": "wait_second",
            "module_name": "Gui_Automate",
            "parameters_config": {
                "value": {
                    "type": "hardcoded",
                    "value": 3
                }
            },
            "type": "step",
            "workflow_pos": [
                970,
                1570
            ]
        },
        {
            "assign_to_variable_name": null,
            "class_name": "Chrome_selenium",
            "method_name": "find_elememt_by_display_name",
            "module_name": "Chrome_selenium",
            "parameters_config": {
                "click_request": {
                    "type": "hardcoded",
                    "value": true
                },
                "driver": {
                    "type": "variable",
                    "value": "_webdriver"
                },
                "text": {
                    "type": "hardcoded",
                    "value": "All Location"
                }
            },
            "type": "step",
            "workflow_pos": [
                970,
                1690
            ]
        },
        {
            "assign_to_variable_name": null,
            "class_name": "Chrome_selenium",
            "method_name": "find_element_action",
            "module_name": "Chrome_selenium",
            "parameters_config": {
                "Actions": {
                    "type": "hardcoded",
                    "value": "Click"
                },
                "by_strategy": {
                    "type": "hardcoded",
                    "value": "xpath"
                },
                "driver": {
                    "type": "variable",
                    "value": "_webdriver"
                },
                "locator_value": {
                    "type": "hardcoded",
                    "value": "//*[@id=\"__content12-icon-image\"]"
                },
                "text_to_send": {
                    "type": "hardcoded",
                    "value": ""
                }
            },
            "type": "step",
            "workflow_pos": [
                970,
                1810
            ]
        },
        {
            "assign_to_variable_name": null,
            "class_name": "Bot_utility",
            "method_name": "check_image_exits",
            "module_name": "Gui_Automate",
            "parameters_config": {
                "image_to_click": {
                    "type": "hardcoded_file",
                    "value": "Shipster/Shipster_status_filter"
                },
                "timeout": {
                    "type": "hardcoded",
                    "value": 30
                }
            },
            "type": "step",
            "workflow_pos": [
                970,
                1930
            ]
        },
        {
            "assign_to_variable_name": null,
            "class_name": "Bot_utility",
            "method_name": "left_click",
            "module_name": "Gui_Automate",
            "parameters_config": {
                "confidence": {
                    "type": "hardcoded",
                    "value": 0.92
                },
                "image_to_click": {
                    "type": "hardcoded_file",
                    "value": "Shipster/Shipster_status_filter"
                },
                "offset_x": {
                    "type": "hardcoded",
                    "value": 0
                },
                "offset_y": {
                    "type": "hardcoded",
                    "value": 0
                }
            },
            "type": "step",
            "workflow_pos": [
                970,
                2050
            ]
        },
        {
            "assign_to_variable_name": null,
            "class_name": "Keyboard",
            "method_name": "send_text",
            "module_name": "Mouse_Key_Automate",
            "parameters_config": {
                "text": {
                    "type": "hardcoded",
                    "value": "Waiting for tariffing"
                }
            },
            "type": "step",
            "workflow_pos": [
                970,
                2170
            ]
        },
        {
            "assign_to_variable_name": null,
            "class_name": "Keyboard",
            "method_name": "send_hotkey",
            "module_name": "Mouse_Key_Automate",
            "parameters_config": {
                "hotkey": {
                    "type": "hardcoded",
                    "value": "ENTER"
                }
            },
            "type": "step",
            "workflow_pos": [
                970,
                2290
            ]
        },
        {
            "assign_to_variable_name": null,
            "class_name": "youmodule2",
            "method_name": "delete_file",
            "module_name": "my_modules",
            "parameters_config": {
                "file_link": {
                    "type": "variable",
                    "value": "shipster_file_link"
                }
            },
            "type": "step",
            "workflow_pos": [
                970,
                2410
            ]
        },
        {
            "assign_to_variable_name": null,
            "class_name": "Bot_GUI_Control",
            "method_name": "hide_main_gui",
            "module_name": "Bot_GUI_Control",
            "parameters_config": {},
            "type": "step",
            "workflow_pos": [
                970,
                2530
            ]
        },
        {
            "assign_to_variable_name": null,
            "class_name": "Bot_utility",
            "method_name": "check_image_exits",
            "module_name": "Gui_Automate",
            "parameters_config": {
                "image_to_click": {
                    "type": "hardcoded_file",
                    "value": "Shipster/Shipster_excel_export"
                },
                "timeout": {
                    "type": "hardcoded",
                    "value": 20
                }
            },
            "type": "step",
            "workflow_pos": [
                970,
                2650
            ]
        },
        {
            "assign_to_variable_name": null,
            "class_name": "Chrome_selenium",
            "method_name": "find_elememt_by_display_name",
            "module_name": "Chrome_selenium",
            "parameters_config": {
                "click_request": {
                    "type": "hardcoded",
                    "value": true
                },
                "driver": {
                    "type": "variable",
                    "value": "_webdriver"
                },
                "text": {
                    "type": "hardcoded",
                    "value": "Export to Excel"
                }
            },
            "type": "step",
            "workflow_pos": [
                970,
                2770
            ]
        },
        {
            "assign_to_variable_name": null,
            "class_name": "Chrome_selenium",
            "method_name": "find_elememt_by_display_name",
            "module_name": "Chrome_selenium",
            "parameters_config": {
                "click_request": {
                    "type": "hardcoded",
                    "value": true
                },
                "driver": {
                    "type": "variable",
                    "value": "_webdriver"
                },
                "text": {
                    "type": "hardcoded",
                    "value": "Export"
                }
            },
            "type": "step",
            "workflow_pos": [
                970,
                2890
            ]
        },
        {
            "assign_to_variable_name": null,
            "class_name": "Bot_utility",
            "method_name": "check_image_exits",
            "module_name": "Gui_Automate",
            "parameters_config": {
                "image_to_click": {
                    "type": "hardcoded_file",
                    "value": "Shipster/Shipster_export_button"
                },
                "timeout": {
                    "type": "hardcoded",
                    "value": 20
                }
            },
            "type": "step",
            "workflow_pos": [
                970,
                3010
            ]
        },
        {
            "assign_to_variable_name": null,
            "class_name": "Bot_utility",
            "method_name": "wait_second",
            "module_name": "Gui_Automate",
            "parameters_config": {
                "value": {
                    "type": "hardcoded",
                    "value": 1
                }
            },
            "type": "step",
            "workflow_pos": [
                970,
                3130
            ]
        },
        {
            "assign_to_variable_name": null,
            "class_name": "Bot_utility",
            "method_name": "left_click",
            "module_name": "Gui_Automate",
            "parameters_config": {
                "confidence": {
                    "type": "hardcoded",
                    "value": 0.92
                },
                "image_to_click": {
                    "type": "hardcoded_file",
                    "value": "Shipster/Shipster_export_button"
                },
                "offset_x": {
                    "type": "hardcoded",
                    "value": 0
                },
                "offset_y": {
                    "type": "hardcoded",
                    "value": 0
                }
            },
            "type": "step",
            "workflow_pos": [
                970,
                3250
            ]
        },
        {
            "assign_to_variable_name": "isFile_doloaded",
            "class_name": "youmodule2",
            "method_name": "wait_for_file_os",
            "module_name": "my_modules",
            "parameters_config": {
                "file_link": {
                    "type": "variable",
                    "value": "shipster_file_link"
                },
                "timeout": {
                    "type": "hardcoded",
                    "value": 60
                }
            },
            "type": "step",
            "workflow_pos": [
                970,
                3370
            ]
        },
        {
            "assign_to_variable_name": null,
            "class_name": "Bot_GUI_Control",
            "method_name": "show_main_gui",
            "module_name": "Bot_GUI_Control",
            "parameters_config": {},
            "type": "step",
            "workflow_pos": [
                970,
                3490
            ]
        },
        {
            "condition_config": {
                "block_name": null,
                "condition": {
                    "left_operand": {
                        "type": "variable",
                        "value": "isFile_doloaded"
                    },
                    "operator": "==",
                    "right_operand": {
                        "type": "hardcoded",
                        "value": true
                    }
                }
            },
            "if_id": "if_3",
            "type": "IF_START",
            "workflow_pos": [
                970,
                3610
            ]
        },
        {
            "assign_to_variable_name": "Shipster_export_data",
            "class_name": "File_Reader",
            "custom_config_method": "configure_data_hub",
            "method_name": "_load_file_data",
            "module_name": "Read_Write_Dataframe",
            "parameters_config": {
                "config_data": {
                    "type": "hardcoded",
                    "value": {
                        "file_path": "C:/Users/puu1hc/Downloads/all_location_orders_data.xlsx",
                        "file_type": "Excel",
                        "selected_columns": [
                            "OrderId",
                            "IsInternalShipment",
                            "ShipToCompanyName",
                            "ShipToAccountGroup",
                            "ShipToCountryKey",
                            "ShipToStreetAndNumber",
                            "ShipToPostalCode",
                            "ShipToCustomerNumber",
                            "ShipToCompanyId",
                            "ShipToCustomerBlocked",
                            "ShipToCustomerDeleted",
                            "ShipToCity",
                            "ReceiverContactPerson",
                            "ReceiverContactNtAccount",
                            "ReceiverPhoneNumber",
                            "IsInformedByEmail",
                            "ReceiverEmail",
                            "ReceiverBuilding",
                            "Currency",
                            "PurchaseOrderNumber",
                            "WbsElement",
                            "SsfTicketNumber",
                            "ItemTotal",
                            "ShippingPoint",
                            "ShippingPointDesc",
                            "ShippingType",
                            "DesiredGoodsIssue",
                            "DesiredDeliveryDate",
                            "WhoPay",
                            "Comment",
                            "ShippingProviderForReceiver",
                            "CustomerNumberForShippingProvider",
                            "CommentForReceiver",
                            "PickupLocation",
                            "Status",
                            "CompletedDate",
                            "SdDocumentNumber",
                            "SapDeliveryNumber",
                            "ProformaInvoice",
                            "Invoice",
                            "SapMachine",
                            "SalesOrganisation",
                            "PlantCode",
                            "CountryCode",
                            "LocationIdentifier",
                            "BusinessUnit",
                            "WorkflowCompletedDate",
                            "ClassificationDoneDate",
                            "ExportReleasedDate",
                            "ShippingProcessedDate",
                            "LeftWarehouseDate",
                            "ReturnConfirmedDate",
                            "CreatorDisplayName",
                            "CreatorPhoneNumber",
                            "CreatorEmail",
                            "TrackingInformation",
                            "SoldToCustomerNumber",
                            "SoldToCompanyName",
                            "SoldToCountryKey",
                            "SoldToCity",
                            "SoldToStreetAndNumber",
                            "SoldToPostalCode",
                            "BillToCustomerNumber",
                            "BillToCompanyName",
                            "BillToCountryKey",
                            "BillToCity",
                            "BillToStreetAndNumber",
                            "BillToPostalCode",
                            "payerCountryKey",
                            "payerPostalCode",
                            "payerStreetAndNumber",
                            "payerCustomerNumber",
                            "payerCity",
                            "payerCompanyName",
                            "CancelReason",
                            "CancelledBy",
                            "LocationCity",
                            "LocationLanguage",
                            "VatNotRegisteredConfirmed",
                            "ReturnConfirmedStatus",
                            "CancelledDate",
                            "FailedReason",
                            "FailedDate",
                            "OrderReason",
                            "OrderType",
                            "CreatedOn",
                            "ExpectedMonthOfReturn",
                            "ShippingReasonName",
                            "ShippingCategory",
                            "TimeLeftTillReturn",
                            "ModifiedOn",
                            "ExportReleasedBy",
                            "ExportReleasedByName",
                            "OnBehalfId",
                            "OnBehalfName",
                            "OnBehalfPhoneNumber",
                            "IncludeDangerousGood",
                            "ExportReleaseReason",
                            "ApprovalRelevantGoodsNeed",
                            "Version",
                            "CopiedWithItem",
                            "LegalEntity",
                            "LegalEntityDescription",
                            "CopiedOrderId",
                            "ShippingReasonExplanation",
                            "CreatedBy",
                            "CreatedDate",
                            "LastUpdatedBy",
                            "LastUpdatedDate",
                            "ItemId",
                            "ShortDescription",
                            "ProductType",
                            "ProductTypeDesc",
                            "PriceValue",
                            "Unit",
                            "Quantity",
                            "BoschMaterialNo",
                            "QuestionsContact",
                            "QuestionsNTAccount",
                            "ProductParameters",
                            "ProductFunctionality",
                            "ProductUsage",
                            "ProductMaterials",
                            "ItemIdentifier",
                            "UseCase",
                            "IsFinalDestination",
                            "IsBoschProduct",
                            "IsForMilitaryPurpose",
                            "PreviousOrderNumber",
                            "DestinationCountry",
                            "EndUser",
                            "SupplierContact",
                            "OriginCountry",
                            "StatNr",
                            "Checked",
                            "InventoryNo",
                            "ClassificationDocLink",
                            "ShippingPaperNote",
                            "CheckedBy",
                            "CheckedByDisplayName",
                            "CheckedDate",
                            "IsDangerousGood",
                            "MaterialId",
                            "LocalShortDescription",
                            "LocalLongDescription",
                            "EnShortDescription",
                            "EnLongDescription",
                            "CommodityCode",
                            "TcmNumber",
                            "EccnNumber",
                            "ScheduleB",
                            "customerNumber"
                        ],
                        "sheet_name": "0"
                    }
                }
            },
            "type": "step",
            "workflow_pos": [
                640,
                3730
            ]
        },
        {
            "condition_config": {
                "block_name": null,
                "condition": {
                    "left_operand": {
                        "type": "variable",
                        "value": "isFile_doloaded"
                    },
                    "operator": "==",
                    "right_operand": {
                        "type": "hardcoded",
                        "value": true
                    }
                }
            },
            "if_id": "if_3",
            "type": "ELSE"
        },
        {
            "assign_to_variable_name": null,
            "class_name": "youmodule2",
            "method_name": "stop_workflow",
            "module_name": "my_modules",
            "parameters_config": {},
            "type": "step",
            "workflow_pos": [
                1234,
                3730
            ]
        },
        {
            "condition_config": {
                "block_name": null,
                "condition": {
                    "left_operand": {
                        "type": "variable",
                        "value": "isFile_doloaded"
                    },
                    "operator": "==",
                    "right_operand": {
                        "type": "hardcoded",
                        "value": true
                    }
                }
            },
            "if_id": "if_3",
            "type": "IF_END",
            "workflow_pos": [
                970,
                3890
            ]
        },
        {
            "assign_to_variable_name": null,
            "class_name": "Chrome_selenium",
            "method_name": "close_driver",
            "module_name": "Chrome_selenium",
            "parameters_config": {
                "driver": {
                    "type": "variable",
                    "value": "_webdriver"
                }
            },
            "type": "step",
            "workflow_pos": [
                970,
                4010
            ]
        }
    ],
    "global_variables": {
        "chrome_driver_link": "C:/Users/puu1hc/OneDrive - Bosch Group/PersonalDrive/BOT 2023 Version/Auto-classify-new-2023/chromedriver-win64/chromedriver.exe",
        "_webdriver": null,
        "Login": "//*[@id=\"__button16-BDI-content\"]",
        "login_btt_element": null,
        "isShipsterOpen": false,
        "isLogin": null,
        "isNotLogin": true,
        "Shipster_export_data": null,
        "shipster_file_link": "C:/Users/puu1hc/Downloads/all_location_orders_data.xlsx",
        "isFile_doloaded": true
    }
}